case:concept:name,concept:name,start:timestamp,time:timestamp,org:resource,LoanGoal,ApplicationType,RequestedAmount
case_1,W_Complete application,2016-07-04 08:07:13+00:00,2016-07-04 08:08:13+00:00,User_27,Existing loan takeover,New credit,50000.0
case_1,W_Call after offers,2016-07-05 15:05:13+00:00,2016-07-05 15:06:13+00:00,User_3,Existing loan takeover,New credit,50000.0
case_2,W_Complete application,2016-07-04 08:09:13+00:00,2016-07-04 08:11:13+00:00,User_46,Home improvement,New credit,7500.0
case_2,W_Call after offers,2016-07-06 19:35:13+00:00,2016-07-06 19:38:13+00:00,User_20,Home improvement,New credit,7500.0
case_3,W_Complete application,2016-07-04 08:14:13+00:00,2016-07-04 08:16:13+00:00,User_60,Unknown,New credit,0.0
case_3,W_Call after offers,2016-07-08 09:51:13+00:00,2016-07-08 09:54:13+00:00,User_60,Unknown,New credit,0.0
case_4,W_Complete application,2016-07-04 08:22:13+00:00,2016-07-04 08:33:13+00:00,User_3,Extra spending limit,New credit,5000.0
case_5,W_Complete application,2016-07-04 08:23:13+00:00,2016-07-04 08:25:13+00:00,User_85,Car,New credit,10000.0
case_6,W_Complete application,2016-07-04 08:24:13+00:00,2016-07-04 08:26:13+00:00,User_2,Unknown,New credit,31500.0
case_5,W_Call after offers,2016-07-05 07:36:13+00:00,2016-07-05 07:37:13+00:00,User_3,Car,New credit,10000.0
case_6,W_Call after offers,2016-07-04 13:09:13+00:00,2016-07-04 13:15:13+00:00,User_52,Unknown,New credit,31500.0
case_4,W_Call after offers,2016-07-04 08:42:13+00:00,2016-07-04 08:43:13+00:00,User_3,Extra spending limit,New credit,5000.0
case_7,W_Complete application,2016-07-04 08:39:13+00:00,2016-07-04 08:42:13+00:00,User_38,Home improvement,New credit,7500.0
case_8,W_Complete application,2016-07-04 08:41:13+00:00,2016-07-04 08:46:13+00:00,User_12,Car,Limit raise,5750.0
case_7,W_Call after offers,2016-07-04 08:54:13+00:00,2016-07-04 08:54:13+00:00,User_3,Home improvement,New credit,7500.0
case_9,W_Complete application,2016-07-04 08:42:13+00:00,2016-07-04 08:56:13+00:00,User_37,"Other, see explanation",New credit,20000.0
case_4,W_Validate application,2016-07-04 11:14:13+00:00,2016-07-04 11:17:13+00:00,User_109,Extra spending limit,New credit,5000.0
case_8,W_Call after offers,2016-07-05 12:20:13+00:00,2016-07-05 12:21:13+00:00,User_5,Car,Limit raise,5750.0
case_10,W_Complete application,2016-07-04 08:53:13+00:00,2016-07-04 09:02:13+00:00,User_39,Home improvement,New credit,5000.0
case_7,W_Validate application,2016-07-11 08:31:13+00:00,2016-07-11 08:38:13+00:00,User_112,Home improvement,New credit,7500.0
case_11,W_Complete application,2016-07-04 08:55:13+00:00,2016-07-04 09:09:13+00:00,User_46,Home improvement,Limit raise,0.0
case_9,W_Call after offers,2016-07-07 17:45:13+00:00,2016-07-07 18:02:13+00:00,User_16,"Other, see explanation",New credit,20000.0
case_12,W_Complete application,2016-07-04 08:58:13+00:00,2016-07-04 09:01:13+00:00,User_40,Home improvement,New credit,15000.0
case_13,W_Complete application,2016-07-04 09:00:13+00:00,2016-07-04 09:00:13+00:00,User_10,Home improvement,New credit,10000.0
case_13,W_Call after offers,2016-07-04 14:54:13+00:00,2016-07-04 14:56:13+00:00,User_23,Home improvement,New credit,10000.0
case_12,W_Call after offers,2016-07-04 12:01:13+00:00,2016-07-04 12:02:13+00:00,User_49,Home improvement,New credit,15000.0
case_10,W_Call after offers,2016-07-04 10:18:13+00:00,2016-07-04 10:25:13+00:00,User_18,Home improvement,New credit,5000.0
case_11,W_Call after offers,2016-07-04 14:41:13+00:00,2016-07-04 14:43:13+00:00,User_10,Home improvement,Limit raise,0.0
case_14,W_Complete application,2016-07-04 09:58:13+00:00,2016-07-04 09:59:13+00:00,User_43,"Other, see explanation",New credit,7500.0
case_14,W_Call after offers,2016-07-09 13:35:13+00:00,2016-07-09 13:37:13+00:00,User_43,"Other, see explanation",New credit,7500.0
case_15,W_Complete application,2016-07-04 10:06:13+00:00,2016-07-04 10:17:13+00:00,User_8,Remaining debt home,New credit,40000.0
case_16,W_Complete application,2016-07-04 10:09:13+00:00,2016-07-04 10:11:13+00:00,User_49,Caravan / Camper,New credit,25000.0
case_16,W_Call after offers,2016-07-07 10:16:13+00:00,2016-07-07 10:16:13+00:00,User_16,Caravan / Camper,New credit,25000.0
case_15,W_Call after offers,2016-07-05 16:14:13+00:00,2016-07-05 16:17:13+00:00,User_92,Remaining debt home,New credit,40000.0
case_17,W_Complete application,2016-07-04 10:18:13+00:00,2016-07-04 10:18:13+00:00,User_24,Existing loan takeover,Limit raise,40000.0
case_17,W_Call after offers,2016-07-05 12:14:13+00:00,2016-07-05 12:19:13+00:00,User_49,Existing loan takeover,Limit raise,40000.0
case_10,W_Validate application,2016-07-13 15:16:13+00:00,2016-07-13 15:17:13+00:00,User_116,Home improvement,New credit,5000.0
case_18,W_Complete application,2016-07-04 10:31:13+00:00,2016-07-04 11:04:13+00:00,User_52,Car,New credit,5000.0
case_18,W_Call after offers,2016-07-05 10:45:13+00:00,2016-07-05 10:46:13+00:00,User_31,Car,New credit,5000.0
case_4,W_Call incomplete files,2016-07-04 11:48:13+00:00,2016-07-04 11:53:13+00:00,User_61,Extra spending limit,New credit,5000.0
case_12,W_Validate application,2016-07-07 08:18:13+00:00,2016-07-07 08:19:13+00:00,User_112,Home improvement,New credit,15000.0
case_19,W_Complete application,2016-07-04 12:02:13+00:00,2016-07-04 12:12:13+00:00,User_9,Existing loan takeover,New credit,16000.0
case_19,W_Call after offers,2016-07-04 16:55:13+00:00,2016-07-04 16:55:13+00:00,User_3,Existing loan takeover,New credit,16000.0
case_20,W_Complete application,2016-07-04 12:12:13+00:00,2016-07-04 12:14:13+00:00,User_49,Car,New credit,5500.0
case_20,W_Call after offers,2016-07-04 19:45:13+00:00,2016-07-04 19:45:13+00:00,User_41,Car,New credit,5500.0
case_21,W_Complete application,2016-07-04 12:15:13+00:00,2016-07-04 12:23:13+00:00,User_42,Not speficied,New credit,20000.0
case_21,W_Call after offers,2016-07-06 12:31:13+00:00,2016-07-06 12:35:13+00:00,User_38,Not speficied,New credit,20000.0
case_22,W_Complete application,2016-07-04 12:24:13+00:00,2016-07-04 12:59:13+00:00,User_41,Home improvement,New credit,10000.0
case_23,W_Complete application,2016-07-04 12:28:13+00:00,2016-07-04 12:28:13+00:00,User_53,Car,Limit raise,25000.0
case_23,W_Call after offers,2016-07-08 12:25:13+00:00,2016-07-08 12:25:13+00:00,User_16,Car,Limit raise,25000.0
case_24,W_Handle leads,2016-07-04 12:32:13+00:00,2016-07-04 12:32:13+00:00,User_9,Home improvement,New credit,15000.0
case_24,W_Complete application,2016-07-04 16:42:13+00:00,2016-07-04 16:42:13+00:00,User_74,Home improvement,New credit,15000.0
case_25,W_Complete application,2016-07-04 12:36:13+00:00,2016-07-04 12:45:13+00:00,User_37,Home improvement,New credit,20000.0
case_26,W_Complete application,2016-07-04 12:36:13+00:00,2016-07-04 12:40:13+00:00,User_3,Home improvement,New credit,7500.0
case_26,W_Call after offers,2016-07-05 09:00:13+00:00,2016-07-05 10:04:13+00:00,User_31,Home improvement,New credit,7500.0
case_25,W_Call after offers,2016-07-04 15:18:13+00:00,2016-07-04 15:23:13+00:00,User_3,Home improvement,New credit,20000.0
case_27,W_Complete application,2016-07-04 12:49:13+00:00,2016-07-04 12:49:13+00:00,User_27,Existing loan takeover,New credit,5000.0
case_27,W_Call after offers,2016-07-07 18:04:13+00:00,2016-07-07 18:04:13+00:00,User_43,Existing loan takeover,New credit,5000.0
case_22,W_Call after offers,2016-07-06 18:13:13+00:00,2016-07-06 18:23:13+00:00,User_5,Home improvement,New credit,10000.0
case_28,W_Complete application,2016-07-04 13:14:13+00:00,2016-07-04 13:19:13+00:00,User_38,Car,New credit,5000.0
case_6,W_Validate application,2016-07-04 13:42:13+00:00,2016-07-04 13:43:13+00:00,User_87,Unknown,New credit,31500.0
case_28,W_Call after offers,2016-07-05 13:10:13+00:00,2016-07-05 13:13:13+00:00,User_2,Car,New credit,5000.0
case_29,W_Handle leads,2016-07-04 13:23:13+00:00,2016-07-04 13:30:13+00:00,User_14,Home improvement,New credit,7500.0
case_30,W_Complete application,2016-07-04 13:25:13+00:00,2016-07-04 13:27:13+00:00,User_7,Car,New credit,13000.0
case_31,W_Complete application,2016-07-04 13:25:13+00:00,2016-07-04 13:33:13+00:00,User_4,Car,New credit,15000.0
case_30,W_Call after offers,2016-07-07 18:33:13+00:00,2016-07-07 18:39:13+00:00,User_16,Car,New credit,13000.0
case_32,W_Complete application,2016-07-04 13:29:13+00:00,2016-07-04 13:30:13+00:00,User_25,Car,New credit,5000.0
case_29,W_Complete application,2016-07-04 15:00:13+00:00,2016-07-04 15:00:13+00:00,User_39,Home improvement,New credit,7500.0
case_32,W_Call after offers,2016-07-04 15:58:13+00:00,2016-07-04 16:04:13+00:00,User_10,Car,New credit,5000.0
case_33,W_Complete application,2016-07-04 13:31:13+00:00,2016-07-04 13:41:13+00:00,User_41,Not speficied,New credit,8000.0
case_31,W_Call after offers,2016-07-05 13:47:13+00:00,2016-07-05 13:51:13+00:00,User_28,Car,New credit,15000.0
case_33,W_Call after offers,2016-07-04 15:44:13+00:00,2016-07-04 15:46:13+00:00,User_39,Not speficied,New credit,8000.0
case_6,W_Call incomplete files,2016-07-11 08:33:13+00:00,2016-07-11 08:33:13+00:00,User_14,Unknown,New credit,31500.0
case_34,W_Handle leads,2016-07-04 13:50:13+00:00,2016-07-04 13:50:13+00:00,User_25,Car,New credit,15000.0
case_34,W_Complete application,2016-07-06 17:26:13+00:00,2016-07-06 17:26:13+00:00,User_38,Car,New credit,15000.0
case_35,W_Complete application,2016-07-04 14:06:13+00:00,2016-07-04 14:08:13+00:00,User_10,Car,New credit,7250.0
case_36,W_Complete application,2016-07-04 14:07:13+00:00,2016-07-04 14:11:13+00:00,User_71,Existing loan takeover,New credit,48500.0
case_35,W_Call after offers,2016-07-04 16:29:13+00:00,2016-07-04 16:30:13+00:00,User_74,Car,New credit,7250.0
case_36,W_Call after offers,2016-07-11 11:14:13+00:00,2016-07-11 11:16:13+00:00,User_14,Existing loan takeover,New credit,48500.0
case_37,W_Complete application,2016-07-04 14:21:13+00:00,2016-07-04 14:23:13+00:00,User_86,Car,New credit,5000.0
case_38,W_Complete application,2016-07-04 14:22:13+00:00,2016-07-04 14:22:13+00:00,User_46,Car,New credit,15000.0
case_38,W_Call after offers,2016-07-09 14:23:13+00:00,2016-07-09 14:24:13+00:00,User_32,Car,New credit,15000.0
case_37,W_Call after offers,2016-07-05 09:01:13+00:00,2016-07-05 09:01:13+00:00,User_20,Car,New credit,5000.0
case_11,W_Validate application,2016-07-14 08:40:13+00:00,2016-07-14 08:46:13+00:00,User_117,Home improvement,Limit raise,0.0
case_39,W_Complete application,2016-07-04 14:45:13+00:00,2016-07-04 14:46:13+00:00,User_24,Home improvement,Limit raise,41000.0
case_39,W_Call after offers,2016-07-05 09:19:13+00:00,2016-07-05 09:27:13+00:00,User_24,Home improvement,Limit raise,41000.0
case_40,W_Handle leads,2016-07-04 14:46:13+00:00,2016-07-04 14:46:13+00:00,User_15,"Other, see explanation",New credit,22000.0
case_40,W_Complete application,2016-07-04 17:17:13+00:00,2016-07-04 17:17:13+00:00,User_37,"Other, see explanation",New credit,22000.0
case_41,W_Complete application,2016-07-04 14:46:13+00:00,2016-07-04 14:49:13+00:00,User_23,Car,Limit raise,25000.0
case_41,W_Call after offers,2016-07-07 09:12:13+00:00,2016-07-07 09:15:13+00:00,User_13,Car,Limit raise,25000.0
case_42,W_Complete application,2016-07-04 14:49:13+00:00,2016-07-04 14:53:13+00:00,User_3,Existing loan takeover,New credit,7500.0
case_42,W_Call after offers,2016-07-12 07:12:13+00:00,2016-07-12 07:15:13+00:00,User_13,Existing loan takeover,New credit,7500.0
case_13,W_Validate application,2016-07-05 12:56:13+00:00,2016-07-05 12:58:13+00:00,User_117,Home improvement,New credit,10000.0
case_29,W_Call after offers,2016-07-04 15:33:13+00:00,2016-07-04 15:33:13+00:00,User_73,Home improvement,New credit,7500.0
case_43,W_Complete application,2016-07-04 15:15:13+00:00,2016-07-04 15:19:13+00:00,User_5,Car,New credit,8500.0
case_44,W_Handle leads,2016-07-04 15:16:13+00:00,2016-07-04 15:16:13+00:00,User_61,Remaining debt home,New credit,15000.0
case_44,W_Complete application,2016-07-04 16:19:13+00:00,2016-07-04 16:19:13+00:00,User_61,Remaining debt home,New credit,15000.0
case_43,W_Call after offers,2016-07-06 07:24:13+00:00,2016-07-06 07:25:13+00:00,User_23,Car,New credit,8500.0
case_45,W_Complete application,2016-07-04 15:19:13+00:00,2016-07-04 15:53:13+00:00,User_49,Unknown,New credit,0.0
case_25,W_Validate application,2016-07-05 11:09:13+00:00,2016-07-05 11:10:13+00:00,User_75,Home improvement,New credit,20000.0
case_46,W_Complete application,2016-07-04 15:26:13+00:00,2016-07-04 15:28:13+00:00,User_49,Extra spending limit,Limit raise,20000.0
case_46,W_Call after offers,2016-07-04 19:42:13+00:00,2016-07-04 19:42:13+00:00,User_18,Extra spending limit,Limit raise,20000.0
case_29,W_Validate application,2016-07-05 07:16:13+00:00,2016-07-05 07:18:13+00:00,User_30,Home improvement,New credit,7500.0
case_33,W_Validate application,2016-07-06 07:16:13+00:00,2016-07-06 07:21:13+00:00,User_30,Not speficied,New credit,8000.0
case_45,W_Call after offers,2016-07-05 10:44:13+00:00,2016-07-05 10:48:13+00:00,User_73,Unknown,New credit,0.0
case_32,W_Validate application,2016-07-07 11:11:13+00:00,2016-07-07 11:12:13+00:00,User_41,Car,New credit,5000.0
case_44,W_Call after offers,2016-07-04 18:18:13+00:00,2016-07-04 18:23:13+00:00,User_5,Remaining debt home,New credit,15000.0
case_35,W_Validate application,2016-07-06 13:00:13+00:00,2016-07-06 13:00:13+00:00,User_29,Car,New credit,7250.0
case_24,W_Call after offers,2016-07-05 09:01:13+00:00,2016-07-05 09:03:13+00:00,User_35,Home improvement,New credit,15000.0
case_47,W_Complete application,2016-07-04 16:53:13+00:00,2016-07-04 17:01:13+00:00,User_49,Home improvement,New credit,15000.0
case_19,W_Validate application,2016-07-05 06:03:13+00:00,2016-07-05 06:04:13+00:00,User_30,Existing loan takeover,New credit,16000.0
case_48,W_Complete application,2016-07-04 17:00:13+00:00,2016-07-05 07:02:13+00:00,User_60,Not speficied,New credit,5000.0
case_47,W_Call after offers,2016-07-08 15:44:13+00:00,2016-07-08 15:45:13+00:00,User_15,Home improvement,New credit,15000.0
case_49,W_Complete application,2016-07-04 17:12:13+00:00,2016-07-04 17:18:13+00:00,User_5,Car,New credit,35000.0
case_40,W_Call after offers,2016-07-07 17:25:13+00:00,2016-07-07 17:26:13+00:00,User_5,"Other, see explanation",New credit,22000.0
case_49,W_Call after offers,2016-07-05 10:34:13+00:00,2016-07-05 10:37:13+00:00,User_5,Car,New credit,35000.0
case_50,W_Complete application,2016-07-04 17:18:13+00:00,2016-07-04 17:28:13+00:00,User_71,Car,New credit,15000.0
case_50,W_Call after offers,2016-07-06 09:08:13+00:00,2016-07-06 09:12:13+00:00,User_38,Car,New credit,15000.0
case_51,W_Complete application,2016-07-04 17:30:13+00:00,2016-07-05 06:01:13+00:00,User_14,Car,New credit,5000.0
case_52,W_Complete application,2016-07-04 18:11:13+00:00,2016-07-05 07:03:13+00:00,User_40,Extra spending limit,Limit raise,17000.0
case_53,W_Complete application,2016-07-04 18:17:13+00:00,2016-07-04 18:20:13+00:00,User_19,Home improvement,Limit raise,42500.0
case_53,W_Call after offers,2016-07-05 09:17:13+00:00,2016-07-05 09:22:13+00:00,User_10,Home improvement,Limit raise,42500.0
case_44,W_Validate application,2016-07-05 11:16:13+00:00,2016-07-05 11:16:13+00:00,User_116,Remaining debt home,New credit,15000.0
case_54,W_Complete application,2016-07-04 18:26:13+00:00,2016-07-04 18:28:13+00:00,User_10,"Other, see explanation",New credit,6000.0
case_55,W_Complete application,2016-07-04 18:27:13+00:00,2016-07-04 18:29:13+00:00,User_18,Car,New credit,7863.0
case_54,W_Call after offers,2016-07-05 09:16:13+00:00,2016-07-05 09:31:13+00:00,User_37,"Other, see explanation",New credit,6000.0
case_55,W_Call after offers,2016-07-06 10:23:13+00:00,2016-07-06 10:23:13+00:00,User_24,Car,New credit,7863.0
case_56,W_Complete application,2016-07-04 18:43:13+00:00,2016-07-04 18:46:13+00:00,User_35,Existing loan takeover,New credit,17700.0
case_57,W_Handle leads,2016-07-04 18:45:13+00:00,2016-07-05 06:10:13+00:00,User_2,Car,New credit,5000.0
case_56,W_Call after offers,2016-07-04 19:17:13+00:00,2016-07-04 19:19:13+00:00,User_36,Existing loan takeover,New credit,17700.0
case_58,W_Complete application,2016-07-04 18:47:13+00:00,2016-07-04 18:48:13+00:00,User_49,"Other, see explanation",New credit,10000.0
case_58,W_Call after offers,2016-07-08 11:42:13+00:00,2016-07-08 11:45:13+00:00,User_24,"Other, see explanation",New credit,10000.0
case_59,W_Complete application,2016-07-04 18:48:13+00:00,2016-07-04 18:52:13+00:00,User_27,Unknown,Limit raise,0.0
case_59,W_Call after offers,2016-07-05 06:52:13+00:00,2016-07-05 06:57:13+00:00,User_3,Unknown,Limit raise,0.0
case_60,W_Complete application,2016-07-04 18:54:13+00:00,2016-07-04 19:06:13+00:00,User_86,"Other, see explanation",New credit,6000.0
case_60,W_Call after offers,2016-07-06 13:58:13+00:00,2016-07-06 13:59:13+00:00,User_3,"Other, see explanation",New credit,6000.0
case_56,W_Validate application,2016-07-05 05:39:13+00:00,2016-07-05 05:40:13+00:00,User_87,Existing loan takeover,New credit,17700.0
case_46,W_Validate application,2016-07-06 07:52:13+00:00,2016-07-06 07:52:13+00:00,User_100,Extra spending limit,Limit raise,20000.0
case_20,W_Validate application,2016-07-05 04:25:13+00:00,2016-07-05 04:26:13+00:00,User_87,Car,New credit,5500.0
case_61,W_Complete application,2016-07-04 19:57:13+00:00,2016-07-06 12:08:13+00:00,User_89,Car,New credit,5000.0
case_62,W_Complete application,2016-07-04 20:11:13+00:00,2016-07-04 20:11:13+00:00,User_38,Home improvement,New credit,40000.0
case_62,W_Call after offers,2016-07-08 10:49:13+00:00,2016-07-08 10:50:13+00:00,User_16,Home improvement,New credit,40000.0
case_51,W_Call after offers,2016-07-05 16:03:13+00:00,2016-07-05 16:03:13+00:00,User_92,Car,New credit,5000.0
case_57,W_Complete application,2016-07-07 14:33:13+00:00,2016-07-07 14:33:13+00:00,User_12,Car,New credit,5000.0
case_59,W_Validate application,2016-07-05 11:00:13+00:00,2016-07-05 11:03:13+00:00,User_114,Unknown,Limit raise,0.0
case_48,W_Call after offers,2016-07-05 12:16:13+00:00,2016-07-05 12:19:13+00:00,User_37,Not speficied,New credit,5000.0
case_52,W_Call after offers,2016-07-05 07:48:13+00:00,2016-07-05 07:52:13+00:00,User_16,Extra spending limit,Limit raise,17000.0
case_5,W_Validate application,2016-07-07 06:08:13+00:00,2016-07-07 06:09:13+00:00,User_100,Car,New credit,10000.0
case_52,W_Validate application,2016-07-05 13:50:13+00:00,2016-07-05 13:56:13+00:00,User_102,Extra spending limit,Limit raise,17000.0
case_37,W_Validate application,2016-07-05 10:23:13+00:00,2016-07-05 10:23:13+00:00,User_49,Car,New credit,5000.0
case_24,W_Validate application,2016-07-06 13:13:13+00:00,2016-07-06 13:13:13+00:00,User_112,Home improvement,New credit,15000.0
case_53,W_Validate application,2016-07-05 10:49:13+00:00,2016-07-05 10:49:13+00:00,User_75,Home improvement,Limit raise,42500.0
case_39,W_Validate application,2016-07-07 09:59:13+00:00,2016-07-07 10:06:13+00:00,User_114,Home improvement,Limit raise,41000.0
case_54,W_Validate application,2016-07-05 09:38:13+00:00,2016-07-05 09:41:13+00:00,User_87,"Other, see explanation",New credit,6000.0
case_26,W_Validate application,2016-07-05 15:10:13+00:00,2016-07-05 15:10:13+00:00,User_30,Home improvement,New credit,7500.0
case_49,W_Validate application,2016-07-05 16:06:13+00:00,2016-07-05 16:06:13+00:00,User_30,Car,New credit,35000.0
case_18,W_Validate application,2016-07-05 12:21:13+00:00,2016-07-05 12:21:13+00:00,User_117,Car,New credit,5000.0
case_45,W_Validate application,2016-07-05 14:10:13+00:00,2016-07-05 14:10:13+00:00,User_99,Unknown,New credit,0.0
case_44,W_Call incomplete files,2016-07-05 11:26:13+00:00,2016-07-05 11:29:13+00:00,User_115,Remaining debt home,New credit,15000.0
case_17,W_Validate application,2016-07-06 14:39:13+00:00,2016-07-06 14:40:13+00:00,User_95,Existing loan takeover,Limit raise,40000.0
case_48,W_Validate application,2016-07-08 06:02:13+00:00,2016-07-08 06:05:13+00:00,User_87,Not speficied,New credit,5000.0
case_8,W_Validate application,2016-07-07 10:02:13+00:00,2016-07-07 10:03:13+00:00,User_87,Car,Limit raise,5750.0
case_13,W_Call incomplete files,2016-07-06 08:41:13+00:00,2016-07-06 08:42:13+00:00,User_34,Home improvement,New credit,10000.0
case_28,W_Validate application,2016-07-06 05:04:13+00:00,2016-07-06 05:07:13+00:00,User_68,Car,New credit,5000.0
case_31,W_Validate application,2016-07-13 07:58:13+00:00,2016-07-13 07:58:13+00:00,User_113,Car,New credit,15000.0
case_45,W_Call incomplete files,2016-07-07 15:57:13+00:00,2016-07-07 15:57:13+00:00,User_114,Unknown,New credit,0.0
case_1,W_Validate application,2016-07-06 06:44:13+00:00,2016-07-06 06:46:13+00:00,User_29,Existing loan takeover,New credit,50000.0
case_51,W_Validate application,2016-07-06 09:18:13+00:00,2016-07-06 09:20:13+00:00,User_87,Car,New credit,5000.0
case_49,W_Call incomplete files,2016-07-06 08:05:13+00:00,2016-07-06 08:13:13+00:00,User_29,Car,New credit,35000.0
case_15,W_Validate application,2016-07-07 09:56:13+00:00,2016-07-07 09:58:13+00:00,User_87,Remaining debt home,New credit,40000.0
case_1,W_Call incomplete files,2016-07-07 11:25:13+00:00,2016-07-07 11:29:13+00:00,User_21,Existing loan takeover,New credit,50000.0
case_43,W_Validate application,2016-07-08 06:42:13+00:00,2016-07-08 06:42:13+00:00,User_120,Car,New credit,8500.0
case_50,W_Validate application,2016-07-06 16:30:13+00:00,2016-07-06 16:31:13+00:00,User_116,Car,New credit,15000.0
case_55,W_Validate application,2016-07-07 07:49:13+00:00,2016-07-07 07:49:13+00:00,User_87,Car,New credit,7863.0
case_61,W_Call after offers,2016-07-12 10:56:13+00:00,2016-07-12 10:57:13+00:00,User_20,Car,New credit,5000.0
case_21,W_Validate application,2016-07-07 05:35:13+00:00,2016-07-07 05:37:13+00:00,User_30,Not speficied,New credit,20000.0
case_24,W_Call incomplete files,2016-07-06 14:28:13+00:00,2016-07-06 14:30:13+00:00,User_41,Home improvement,New credit,15000.0
case_60,W_Validate application,2016-07-06 15:16:13+00:00,2016-07-06 15:21:13+00:00,User_119,"Other, see explanation",New credit,6000.0
case_34,W_Call after offers,2016-07-12 12:53:13+00:00,2016-07-12 12:54:13+00:00,User_46,Car,New credit,15000.0
case_22,W_Validate application,2016-07-07 15:03:13+00:00,2016-07-07 15:06:13+00:00,User_113,Home improvement,New credit,10000.0
case_2,W_Validate application,2016-07-12 09:13:13+00:00,2016-07-12 09:13:13+00:00,User_114,Home improvement,New credit,7500.0
case_21,W_Call incomplete files,2016-07-07 09:20:13+00:00,2016-07-07 09:21:13+00:00,User_29,Not speficied,New credit,20000.0
case_5,W_Call incomplete files,2016-07-07 08:43:13+00:00,2016-07-07 08:46:13+00:00,User_23,Car,New credit,10000.0
case_41,W_Validate application,2016-07-08 06:40:13+00:00,2016-07-08 06:40:13+00:00,User_29,Car,Limit raise,25000.0
case_16,W_Validate application,2016-07-08 10:10:13+00:00,2016-07-08 10:10:13+00:00,User_116,Caravan / Camper,New credit,25000.0
case_57,W_Call after offers,2016-07-07 14:45:13+00:00,2016-07-07 14:49:13+00:00,User_47,Car,New credit,5000.0
case_57,W_Validate application,2016-07-11 10:00:13+00:00,2016-07-11 10:05:13+00:00,User_118,Car,New credit,5000.0
case_40,W_Validate application,2016-07-08 14:28:13+00:00,2016-07-08 14:30:13+00:00,User_102,"Other, see explanation",New credit,22000.0
case_9,W_Validate application,2016-07-08 05:27:13+00:00,2016-07-08 05:28:13+00:00,User_95,"Other, see explanation",New credit,20000.0
case_27,W_Validate application,2016-07-08 14:00:13+00:00,2016-07-08 14:01:13+00:00,User_117,Existing loan takeover,New credit,5000.0
case_30,W_Validate application,2016-07-08 06:25:13+00:00,2016-07-08 06:28:13+00:00,User_29,Car,New credit,13000.0
case_9,W_Call incomplete files,2016-07-08 08:39:13+00:00,2016-07-08 08:39:13+00:00,User_24,"Other, see explanation",New credit,20000.0
case_48,W_Call incomplete files,2016-07-08 11:53:13+00:00,2016-07-08 11:53:13+00:00,User_16,Not speficied,New credit,5000.0
case_41,W_Call incomplete files,2016-07-13 15:33:13+00:00,2016-07-13 15:38:13+00:00,User_46,Car,Limit raise,25000.0
case_43,W_Call incomplete files,2016-07-08 07:53:13+00:00,2016-07-08 07:58:13+00:00,User_2,Car,New credit,8500.0
case_3,W_Validate application,2016-07-08 11:06:13+00:00,2016-07-08 11:06:13+00:00,User_95,Unknown,New credit,0.0
case_62,W_Validate application,2016-07-08 13:50:13+00:00,2016-07-08 13:51:13+00:00,User_102,Home improvement,New credit,40000.0
case_58,W_Validate application,2016-07-09 11:17:13+00:00,2016-07-09 11:18:13+00:00,User_120,"Other, see explanation",New credit,10000.0
case_23,W_Validate application,2016-07-08 12:46:13+00:00,2016-07-08 12:49:13+00:00,User_29,Car,Limit raise,25000.0
case_23,W_Call incomplete files,2016-07-08 17:47:13+00:00,2016-07-08 17:47:13+00:00,User_14,Car,Limit raise,25000.0
case_62,W_Call incomplete files,2016-07-08 16:00:13+00:00,2016-07-08 16:00:13+00:00,User_34,Home improvement,New credit,40000.0
case_27,W_Call incomplete files,2016-07-12 12:13:13+00:00,2016-07-12 12:21:13+00:00,User_100,Existing loan takeover,New credit,5000.0
case_40,W_Call incomplete files,2016-07-13 07:18:13+00:00,2016-07-13 07:24:13+00:00,User_30,"Other, see explanation",New credit,22000.0
case_47,W_Validate application,2016-07-11 15:37:13+00:00,2016-07-11 15:38:13+00:00,User_119,Home improvement,New credit,15000.0
case_14,W_Validate application,2016-07-13 06:24:13+00:00,2016-07-13 06:28:13+00:00,User_34,"Other, see explanation",New credit,7500.0
case_38,W_Validate application,2016-07-12 14:09:13+00:00,2016-07-12 14:10:13+00:00,User_18,Car,New credit,15000.0
case_7,W_Call incomplete files,2016-07-12 13:09:13+00:00,2016-07-12 13:16:13+00:00,User_13,Home improvement,New credit,7500.0
case_36,W_Validate application,2016-07-11 16:21:13+00:00,2016-07-11 16:21:13+00:00,User_118,Existing loan takeover,New credit,48500.0
case_42,W_Validate application,2016-07-12 14:57:13+00:00,2016-07-12 14:58:13+00:00,User_30,Existing loan takeover,New credit,7500.0
case_2,W_Call incomplete files,2016-07-12 14:33:13+00:00,2016-07-12 14:33:13+00:00,User_101,Home improvement,New credit,7500.0
case_61,W_Validate application,2016-07-28 08:01:13+00:00,2016-07-28 08:01:13+00:00,User_117,Car,New credit,5000.0
case_34,W_Validate application,2016-07-13 09:23:13+00:00,2016-07-13 09:24:13+00:00,User_117,Car,New credit,15000.0
case_31,W_Call incomplete files,2016-07-13 10:51:13+00:00,2016-07-13 10:51:13+00:00,User_17,Car,New credit,15000.0
case_34,W_Call incomplete files,2016-07-14 07:44:13+00:00,2016-07-14 07:44:13+00:00,User_41,Car,New credit,15000.0
case_10,W_Call incomplete files,2016-07-14 12:24:13+00:00,2016-07-14 12:25:13+00:00,User_68,Home improvement,New credit,5000.0
case_61,W_Call incomplete files,2016-07-28 08:59:13+00:00,2016-07-28 08:59:13+00:00,User_30,Car,New credit,5000.0
