case:concept:name,concept:name,start:timestamp,time:timestamp,org:resource,LoanGoal,ApplicationType,RequestedAmount
case_1,W_Complete application,2016-07-04 08:07:13+00:00,2016-07-04 08:10:13+00:00,User_18,Home improvement,New credit,20000.0
case_2,W_Complete application,2016-07-04 08:07:13+00:00,2016-07-04 08:19:13+00:00,User_3,Home improvement,New credit,5000.0
case_1,W_Call after offers,2016-07-04 12:56:13+00:00,2016-07-04 12:59:13+00:00,User_49,Home improvement,New credit,20000.0
case_3,W_Complete application,2016-07-04 08:17:13+00:00,2016-07-04 08:28:13+00:00,User_73,Home improvement,New credit,15000.0
case_4,W_Complete application,2016-07-04 08:18:13+00:00,2016-07-04 15:13:13+00:00,User_97,Home improvement,New credit,15000.0
case_2,W_Call after offers,2016-07-07 09:43:13+00:00,2016-07-07 09:44:13+00:00,User_16,Home improvement,New credit,5000.0
case_3,W_Call after offers,2016-07-07 13:05:13+00:00,2016-07-07 13:05:13+00:00,User_24,Home improvement,New credit,15000.0
case_5,W_Complete application,2016-07-04 08:30:13+00:00,2016-07-04 08:32:13+00:00,User_35,Home improvement,New credit,5000.0
case_5,W_Call after offers,2016-07-04 09:54:13+00:00,2016-07-04 10:05:13+00:00,User_35,Home improvement,New credit,5000.0
case_6,W_Complete application,2016-07-04 08:38:13+00:00,2016-07-04 08:40:13+00:00,User_10,Home improvement,New credit,5000.0
case_7,W_Complete application,2016-07-04 08:38:13+00:00,2016-07-04 08:40:13+00:00,User_7,Existing loan takeover,New credit,26400.0
case_6,W_Call after offers,2016-07-04 09:52:13+00:00,2016-07-04 09:53:13+00:00,User_42,Home improvement,New credit,5000.0
case_7,W_Call after offers,2016-07-06 16:04:13+00:00,2016-07-06 16:06:13+00:00,User_27,Existing loan takeover,New credit,26400.0
case_8,W_Complete application,2016-07-04 08:43:13+00:00,2016-07-04 08:47:13+00:00,User_2,"Other, see explanation",New credit,50000.0
case_9,W_Complete application,2016-07-04 08:45:13+00:00,2016-07-04 08:51:13+00:00,User_5,Home improvement,New credit,7500.0
case_8,W_Call after offers,2016-07-04 10:18:13+00:00,2016-07-04 10:19:13+00:00,User_70,"Other, see explanation",New credit,50000.0
case_9,W_Call after offers,2016-07-05 20:50:13+00:00,2016-07-05 20:52:13+00:00,User_15,Home improvement,New credit,7500.0
case_10,W_Complete application,2016-07-04 08:52:13+00:00,2016-07-04 09:20:13+00:00,User_16,Car,Limit raise,24000.0
case_11,W_Complete application,2016-07-04 08:55:13+00:00,2016-07-04 09:19:13+00:00,User_28,Unknown,New credit,0.0
case_12,W_Complete application,2016-07-04 08:59:13+00:00,2016-07-04 09:04:13+00:00,User_71,Not speficied,New credit,5000.0
case_13,W_Complete application,2016-07-04 09:02:13+00:00,2016-07-04 09:09:13+00:00,User_14,Car,New credit,7500.0
case_14,W_Complete application,2016-07-04 09:03:13+00:00,2016-07-04 09:03:13+00:00,User_15,Existing loan takeover,New credit,15000.0
case_14,W_Call after offers,2016-07-06 12:28:13+00:00,2016-07-06 12:36:13+00:00,User_60,Existing loan takeover,New credit,15000.0
case_15,W_Complete application,2016-07-04 09:03:13+00:00,2016-07-04 09:18:13+00:00,User_22,Car,New credit,15000.0
case_12,W_Call after offers,2016-07-04 13:01:13+00:00,2016-07-04 13:01:13+00:00,User_18,Not speficied,New credit,5000.0
case_16,W_Complete application,2016-07-04 09:08:13+00:00,2016-07-04 09:26:13+00:00,User_71,Car,New credit,8000.0
case_13,W_Call after offers,2016-07-04 09:57:13+00:00,2016-07-04 09:59:13+00:00,User_48,Car,New credit,7500.0
case_15,W_Call after offers,2016-07-04 16:31:13+00:00,2016-07-04 16:40:13+00:00,User_18,Car,New credit,15000.0
case_11,W_Call after offers,2016-07-04 17:21:13+00:00,2016-07-04 17:24:13+00:00,User_41,Unknown,New credit,0.0
case_10,W_Call after offers,2016-07-08 19:49:13+00:00,2016-07-08 19:53:13+00:00,User_15,Car,Limit raise,24000.0
case_16,W_Call after offers,2016-07-04 14:57:13+00:00,2016-07-04 14:58:13+00:00,User_5,Car,New credit,8000.0
case_17,W_Complete application,2016-07-04 09:34:13+00:00,2016-07-04 09:37:13+00:00,User_25,Existing loan takeover,New credit,22000.0
case_18,W_Complete application,2016-07-04 09:36:13+00:00,2016-07-04 09:36:13+00:00,User_44,Existing loan takeover,Limit raise,15000.0
case_18,W_Call after offers,2016-07-04 12:55:13+00:00,2016-07-04 12:58:13+00:00,User_109,Existing loan takeover,Limit raise,15000.0
case_19,W_Complete application,2016-07-04 09:36:13+00:00,2016-07-04 09:36:13+00:00,User_10,Home improvement,New credit,6000.0
case_19,W_Call after offers,2016-07-05 08:03:13+00:00,2016-07-05 08:40:13+00:00,User_3,Home improvement,New credit,6000.0
case_17,W_Call after offers,2016-07-04 13:05:13+00:00,2016-07-04 13:05:13+00:00,User_49,Existing loan takeover,New credit,22000.0
case_20,W_Complete application,2016-07-04 09:41:13+00:00,2016-07-04 09:42:13+00:00,User_17,Car,New credit,10000.0
case_20,W_Call after offers,2016-07-04 11:14:13+00:00,2016-07-04 11:14:13+00:00,User_5,Car,New credit,10000.0
case_21,W_Handle leads,2016-07-04 09:45:13+00:00,2016-07-05 08:06:13+00:00,User_92,Existing loan takeover,New credit,22000.0
case_22,W_Complete application,2016-07-04 09:52:13+00:00,2016-07-04 09:52:13+00:00,User_5,Home improvement,Limit raise,0.0
case_22,W_Call after offers,2016-07-04 12:54:13+00:00,2016-07-04 13:00:13+00:00,User_10,Home improvement,Limit raise,0.0
case_6,W_Validate application,2016-07-06 08:17:13+00:00,2016-07-06 08:17:13+00:00,User_118,Home improvement,New credit,5000.0
case_23,W_Complete application,2016-07-04 09:55:13+00:00,2016-07-04 09:58:13+00:00,User_28,Home improvement,New credit,10000.0
case_24,W_Complete application,2016-07-04 09:56:13+00:00,2016-07-04 09:56:13+00:00,User_61,Existing loan takeover,Limit raise,9750.0
case_24,W_Call after offers,2016-07-09 10:38:13+00:00,2016-07-09 10:42:13+00:00,User_85,Existing loan takeover,Limit raise,9750.0
case_25,W_Complete application,2016-07-04 09:57:13+00:00,2016-07-04 09:58:13+00:00,User_2,Home improvement,New credit,25000.0
case_23,W_Call after offers,2016-07-04 13:25:13+00:00,2016-07-04 13:25:13+00:00,User_37,Home improvement,New credit,10000.0
case_25,W_Call after offers,2016-07-05 09:56:13+00:00,2016-07-05 10:03:13+00:00,User_41,Home improvement,New credit,25000.0
case_13,W_Validate application,2016-07-05 09:30:13+00:00,2016-07-05 09:31:13+00:00,User_100,Car,New credit,7500.0
case_26,W_Complete application,2016-07-04 10:02:13+00:00,2016-07-04 11:03:13+00:00,User_52,Existing loan takeover,New credit,16000.0
case_5,W_Validate application,2016-07-07 11:51:13+00:00,2016-07-07 11:51:13+00:00,User_117,Home improvement,New credit,5000.0
case_27,W_Complete application,2016-07-04 10:08:13+00:00,2016-07-04 10:09:13+00:00,User_28,Existing loan takeover,New credit,15000.0
case_28,W_Complete application,2016-07-04 10:08:13+00:00,2016-07-04 10:19:13+00:00,User_41,Remaining debt home,New credit,15000.0
case_27,W_Call after offers,2016-07-05 13:25:13+00:00,2016-07-05 13:26:13+00:00,User_2,Existing loan takeover,New credit,15000.0
case_29,W_Handle leads,2016-07-04 10:15:13+00:00,2016-07-04 10:15:13+00:00,User_26,Existing loan takeover,New credit,47000.0
case_29,W_Complete application,2016-07-05 05:39:13+00:00,2016-07-05 05:39:13+00:00,User_5,Existing loan takeover,New credit,47000.0
case_30,W_Handle leads,2016-07-04 10:18:13+00:00,2016-07-04 10:18:13+00:00,User_15,"Other, see explanation",New credit,10000.0
case_30,W_Complete application,2016-07-09 12:41:13+00:00,2016-07-09 12:42:13+00:00,User_27,"Other, see explanation",New credit,10000.0
case_8,W_Validate application,2016-07-04 11:04:13+00:00,2016-07-04 11:05:13+00:00,User_102,"Other, see explanation",New credit,50000.0
case_28,W_Call after offers,2016-07-04 16:54:13+00:00,2016-07-04 16:54:13+00:00,User_15,Remaining debt home,New credit,15000.0
case_31,W_Complete application,2016-07-04 10:47:13+00:00,2016-07-04 10:59:13+00:00,User_34,Home improvement,New credit,10000.0
case_32,W_Complete application,2016-07-04 10:47:13+00:00,2016-07-04 10:53:13+00:00,User_2,Home improvement,New credit,35000.0
case_32,W_Call after offers,2016-07-05 14:59:13+00:00,2016-07-05 15:00:13+00:00,User_5,Home improvement,New credit,35000.0
case_33,W_Complete application,2016-07-04 10:53:13+00:00,2016-07-04 10:53:13+00:00,User_21,Unknown,New credit,0.0
case_33,W_Call after offers,2016-07-05 13:33:13+00:00,2016-07-05 13:36:13+00:00,User_49,Unknown,New credit,0.0
case_34,W_Complete application,2016-07-04 10:57:13+00:00,2016-07-04 11:15:13+00:00,User_48,Car,New credit,5000.0
case_35,W_Handle leads,2016-07-04 10:58:13+00:00,2016-07-04 10:58:13+00:00,User_14,Car,New credit,6000.0
case_35,W_Complete application,2016-07-11 10:45:13+00:00,2016-07-11 10:45:13+00:00,User_24,Car,New credit,6000.0
case_31,W_Call after offers,2016-07-05 08:46:13+00:00,2016-07-05 08:49:13+00:00,User_18,Home improvement,New credit,10000.0
case_36,W_Assess potential fraud,2016-07-04 11:02:13+00:00,2016-07-04 11:57:13+00:00,User_87,Caravan / Camper,New credit,5000.0
case_26,W_Call after offers,2016-07-08 10:41:13+00:00,2016-07-08 10:41:13+00:00,User_5,Existing loan takeover,New credit,16000.0
case_37,W_Complete application,2016-07-04 11:04:13+00:00,2016-07-04 11:05:13+00:00,User_24,Existing loan takeover,New credit,5000.0
case_37,W_Call after offers,2016-07-05 09:56:13+00:00,2016-07-05 09:59:13+00:00,User_3,Existing loan takeover,New credit,5000.0
case_38,W_Complete application,2016-07-04 11:08:13+00:00,2016-07-04 11:10:13+00:00,User_25,Home improvement,New credit,22500.0
case_39,W_Complete application,2016-07-04 11:09:13+00:00,2016-07-04 11:09:13+00:00,User_71,Car,New credit,10000.0
case_39,W_Call after offers,2016-07-05 19:01:13+00:00,2016-07-05 19:08:13+00:00,User_17,Car,New credit,10000.0
case_38,W_Call after offers,2016-07-06 17:03:13+00:00,2016-07-06 17:05:13+00:00,User_20,Home improvement,New credit,22500.0
case_20,W_Validate application,2016-07-04 15:06:13+00:00,2016-07-04 15:06:13+00:00,User_99,Car,New credit,10000.0
case_34,W_Call after offers,2016-07-08 07:21:13+00:00,2016-07-08 07:24:13+00:00,User_31,Car,New credit,5000.0
case_40,W_Complete application,2016-07-04 11:16:13+00:00,2016-07-04 16:03:13+00:00,User_108,"Other, see explanation",New credit,5000.0
case_41,W_Complete application,2016-07-04 11:20:13+00:00,2016-07-04 16:07:13+00:00,User_76,"Other, see explanation",New credit,5000.0
case_42,W_Complete application,2016-07-04 11:34:13+00:00,2016-07-04 12:16:13+00:00,User_46,Existing loan takeover,New credit,10000.0
case_43,W_Complete application,2016-07-04 11:36:13+00:00,2016-07-04 11:40:13+00:00,User_3,Car,New credit,0.0
case_44,W_Complete application,2016-07-04 11:36:13+00:00,2016-07-04 11:48:13+00:00,User_49,Remaining debt home,New credit,15500.0
case_45,W_Complete application,2016-07-04 11:37:13+00:00,2016-07-04 11:46:13+00:00,User_7,Unknown,New credit,8000.0
case_43,W_Call after offers,2016-07-05 12:38:13+00:00,2016-07-05 12:59:13+00:00,User_28,Car,New credit,0.0
case_46,W_Assess potential fraud,2016-07-04 11:44:13+00:00,2016-07-04 11:59:13+00:00,User_144,Home improvement,New credit,0.0
case_47,W_Handle leads,2016-07-04 11:45:13+00:00,2016-07-04 11:46:13+00:00,User_46,Home improvement,New credit,5000.0
case_45,W_Call after offers,2016-07-05 08:32:13+00:00,2016-07-05 08:37:13+00:00,User_17,Unknown,New credit,8000.0
case_47,W_Complete application,2016-07-04 14:55:13+00:00,2016-07-04 14:55:13+00:00,User_41,Home improvement,New credit,5000.0
case_44,W_Call after offers,2016-07-04 12:47:13+00:00,2016-07-04 12:47:13+00:00,User_42,Remaining debt home,New credit,15500.0
case_48,W_Complete application,2016-07-04 11:50:13+00:00,2016-07-04 11:52:13+00:00,User_42,Existing loan takeover,Limit raise,13500.0
case_48,W_Call after offers,2016-07-09 08:55:13+00:00,2016-07-09 08:58:13+00:00,User_85,Existing loan takeover,Limit raise,13500.0
case_49,W_Complete application,2016-07-04 12:05:13+00:00,2016-07-04 16:01:13+00:00,User_44,Car,New credit,10000.0
case_50,W_Complete application,2016-07-04 12:08:13+00:00,2016-07-04 12:09:13+00:00,User_49,Unknown,New credit,13000.0
case_50,W_Call after offers,2016-07-06 08:20:13+00:00,2016-07-06 08:29:13+00:00,User_31,Unknown,New credit,13000.0
case_51,W_Complete application,2016-07-04 12:12:13+00:00,2016-07-04 12:23:13+00:00,User_71,Caravan / Camper,New credit,6000.0
case_42,W_Call after offers,2016-07-04 14:58:13+00:00,2016-07-04 15:15:13+00:00,User_32,Existing loan takeover,New credit,10000.0
case_51,W_Call after offers,2016-07-04 15:05:13+00:00,2016-07-04 15:05:13+00:00,User_32,Caravan / Camper,New credit,6000.0
case_52,W_Handle leads,2016-07-04 12:30:13+00:00,2016-07-04 12:34:13+00:00,User_25,Existing loan takeover,New credit,11000.0
case_53,W_Complete application,2016-07-04 12:31:13+00:00,2016-07-04 12:32:13+00:00,User_40,Boat,New credit,7500.0
case_54,W_Complete application,2016-07-04 12:31:13+00:00,2016-07-04 12:31:13+00:00,User_4,Car,New credit,7000.0
case_54,W_Call after offers,2016-07-05 16:15:13+00:00,2016-07-05 16:17:13+00:00,User_14,Car,New credit,7000.0
case_55,W_Complete application,2016-07-04 12:31:13+00:00,2016-07-04 12:38:13+00:00,User_14,Existing loan takeover,New credit,25000.0
case_53,W_Call after offers,2016-07-04 17:00:13+00:00,2016-07-04 17:03:13+00:00,User_5,Boat,New credit,7500.0
case_52,W_Complete application,2016-07-06 16:30:13+00:00,2016-07-06 16:31:13+00:00,User_5,Existing loan takeover,New credit,11000.0
case_55,W_Call after offers,2016-07-08 08:32:13+00:00,2016-07-08 08:36:13+00:00,User_141,Existing loan takeover,New credit,25000.0
case_56,W_Complete application,2016-07-04 12:40:13+00:00,2016-07-04 12:52:13+00:00,User_47,Boat,New credit,15000.0
case_44,W_Validate application,2016-07-06 11:59:13+00:00,2016-07-06 12:07:13+00:00,User_114,Remaining debt home,New credit,15500.0
case_56,W_Call after offers,2016-07-04 17:34:13+00:00,2016-07-04 17:34:13+00:00,User_34,Boat,New credit,15000.0
case_18,W_Validate application,2016-07-04 13:01:13+00:00,2016-07-04 13:07:13+00:00,User_29,Existing loan takeover,Limit raise,15000.0
case_1,W_Validate application,2016-07-11 06:21:13+00:00,2016-07-11 06:31:13+00:00,User_118,Home improvement,New credit,20000.0
case_22,W_Validate application,2016-07-05 07:20:13+00:00,2016-07-05 07:20:13+00:00,User_87,Home improvement,Limit raise,0.0
case_12,W_Validate application,2016-07-05 04:17:13+00:00,2016-07-05 04:17:13+00:00,User_87,Not speficied,New credit,5000.0
case_17,W_Validate application,2016-07-04 13:39:13+00:00,2016-07-04 13:41:13+00:00,User_87,Existing loan takeover,New credit,22000.0
case_57,W_Complete application,2016-07-04 13:06:13+00:00,2016-07-04 13:10:13+00:00,User_46,Home improvement,New credit,5000.0
case_58,W_Complete application,2016-07-04 13:08:13+00:00,2016-07-04 13:10:13+00:00,User_32,Car,New credit,7000.0
case_57,W_Call after offers,2016-07-05 09:07:13+00:00,2016-07-05 09:07:13+00:00,User_3,Home improvement,New credit,5000.0
case_58,W_Call after offers,2016-07-07 14:34:13+00:00,2016-07-07 14:37:13+00:00,User_17,Car,New credit,7000.0
case_59,W_Complete application,2016-07-04 13:12:13+00:00,2016-07-04 16:02:13+00:00,User_108,Existing loan takeover,New credit,5000.0
case_60,W_Handle leads,2016-07-04 13:13:13+00:00,2016-07-04 13:14:13+00:00,User_38,Unknown,New credit,0.0
case_60,W_Complete application,2016-07-07 08:34:13+00:00,2016-07-07 08:46:13+00:00,User_16,Unknown,New credit,0.0
case_61,W_Complete application,2016-07-04 13:19:13+00:00,2016-07-04 13:39:13+00:00,User_32,"Other, see explanation",New credit,75000.0
case_23,W_Validate application,2016-07-06 10:18:13+00:00,2016-07-06 10:19:13+00:00,User_2,Home improvement,New credit,10000.0
case_62,W_Complete application,2016-07-04 13:26:13+00:00,2016-07-04 13:26:13+00:00,User_14,"Other, see explanation",New credit,6000.0
case_62,W_Call after offers,2016-07-06 18:23:13+00:00,2016-07-06 18:24:13+00:00,User_38,"Other, see explanation",New credit,6000.0
case_61,W_Call after offers,2016-07-08 13:16:13+00:00,2016-07-08 13:17:13+00:00,User_85,"Other, see explanation",New credit,75000.0
case_17,W_Call incomplete files,2016-07-05 05:14:13+00:00,2016-07-05 05:15:13+00:00,User_95,Existing loan takeover,New credit,22000.0
case_47,W_Call after offers,2016-07-06 07:37:13+00:00,2016-07-06 07:37:13+00:00,User_20,Home improvement,New credit,5000.0
case_16,W_Validate application,2016-07-05 15:37:13+00:00,2016-07-05 15:37:13+00:00,User_68,Car,New credit,8000.0
case_51,W_Validate application,2016-07-05 18:04:13+00:00,2016-07-05 18:04:13+00:00,User_70,Caravan / Camper,New credit,6000.0
case_20,W_Call incomplete files,2016-07-04 19:29:13+00:00,2016-07-04 19:32:13+00:00,User_31,Car,New credit,10000.0
case_4,W_Call after offers,2016-07-04 15:44:13+00:00,2016-07-04 15:58:13+00:00,User_97,Home improvement,New credit,15000.0
case_42,W_Validate application,2016-07-05 07:02:13+00:00,2016-07-05 07:04:13+00:00,User_119,Existing loan takeover,New credit,10000.0
case_4,W_Validate application,2016-07-08 14:30:13+00:00,2016-07-08 14:30:13+00:00,User_117,Home improvement,New credit,15000.0
case_49,W_Call after offers,2016-07-05 10:30:13+00:00,2016-07-05 10:32:13+00:00,User_32,Car,New credit,10000.0
case_59,W_Call after offers,2016-07-08 17:12:13+00:00,2016-07-08 17:13:13+00:00,User_92,Existing loan takeover,New credit,5000.0
case_40,W_Call after offers,2016-07-06 08:18:13+00:00,2016-07-06 08:18:13+00:00,User_28,"Other, see explanation",New credit,5000.0
case_41,W_Call after offers,2016-07-08 15:50:13+00:00,2016-07-08 16:12:13+00:00,User_15,"Other, see explanation",New credit,5000.0
case_15,W_Validate application,2016-07-13 10:48:13+00:00,2016-07-13 10:49:13+00:00,User_113,Car,New credit,15000.0
case_28,W_Validate application,2016-07-05 14:15:13+00:00,2016-07-05 14:15:13+00:00,User_116,Remaining debt home,New credit,15000.0
case_53,W_Validate application,2016-07-05 06:57:13+00:00,2016-07-05 07:02:13+00:00,User_75,Boat,New credit,7500.0
case_11,W_Validate application,2016-07-05 08:27:13+00:00,2016-07-05 08:28:13+00:00,User_68,Unknown,New credit,0.0
case_56,W_Validate application,2016-07-05 06:58:13+00:00,2016-07-05 07:00:13+00:00,User_30,Boat,New credit,15000.0
case_12,W_Call incomplete files,2016-07-05 11:56:13+00:00,2016-07-05 14:01:13+00:00,User_101,Not speficied,New credit,5000.0
case_29,W_Call after offers,2016-07-06 14:06:13+00:00,2016-07-06 14:23:13+00:00,User_17,Existing loan takeover,New credit,47000.0
case_56,W_Call incomplete files,2016-07-06 07:47:13+00:00,2016-07-06 07:47:13+00:00,User_87,Boat,New credit,15000.0
case_21,W_Complete application,2016-07-07 17:18:13+00:00,2016-07-07 17:18:13+00:00,User_13,Existing loan takeover,New credit,22000.0
case_11,W_Call incomplete files,2016-07-05 10:39:13+00:00,2016-07-05 10:41:13+00:00,User_102,Unknown,New credit,0.0
case_45,W_Validate application,2016-07-05 16:17:13+00:00,2016-07-05 16:18:13+00:00,User_29,Unknown,New credit,8000.0
case_19,W_Validate application,2016-07-05 10:35:13+00:00,2016-07-05 10:36:13+00:00,User_87,Home improvement,New credit,6000.0
case_31,W_Validate application,2016-07-05 14:03:13+00:00,2016-07-05 14:03:13+00:00,User_68,Home improvement,New credit,10000.0
case_57,W_Validate application,2016-07-05 11:24:13+00:00,2016-07-05 11:24:13+00:00,User_29,Home improvement,New credit,5000.0
case_37,W_Validate application,2016-07-06 14:00:13+00:00,2016-07-06 14:01:13+00:00,User_116,Existing loan takeover,New credit,5000.0
case_25,W_Validate application,2016-07-05 14:06:13+00:00,2016-07-05 14:09:13+00:00,User_99,Home improvement,New credit,25000.0
case_49,W_Validate application,2016-07-07 14:27:13+00:00,2016-07-07 14:31:13+00:00,User_118,Car,New credit,10000.0
case_57,W_Call incomplete files,2016-07-05 11:37:13+00:00,2016-07-05 11:42:13+00:00,User_33,Home improvement,New credit,5000.0
case_43,W_Validate application,2016-07-06 08:33:13+00:00,2016-07-06 08:37:13+00:00,User_87,Car,New credit,0.0
case_27,W_Validate application,2016-07-05 16:32:13+00:00,2016-07-05 16:33:13+00:00,User_30,Existing loan takeover,New credit,15000.0
case_33,W_Validate application,2016-07-05 15:27:13+00:00,2016-07-05 15:28:13+00:00,User_30,Unknown,New credit,0.0
case_31,W_Call incomplete files,2016-07-06 09:03:13+00:00,2016-07-06 09:03:13+00:00,User_23,Home improvement,New credit,10000.0
case_28,W_Call incomplete files,2016-07-06 09:25:13+00:00,2016-07-06 09:25:13+00:00,User_49,Remaining debt home,New credit,15000.0
case_32,W_Validate application,2016-07-05 15:18:13+00:00,2016-07-05 15:23:13+00:00,User_100,Home improvement,New credit,35000.0
case_32,W_Call incomplete files,2016-07-08 14:59:13+00:00,2016-07-08 14:59:13+00:00,User_2,Home improvement,New credit,35000.0
case_33,W_Call incomplete files,2016-07-06 07:09:13+00:00,2016-07-06 07:09:13+00:00,User_60,Unknown,New credit,0.0
case_16,W_Call incomplete files,2016-07-06 08:41:13+00:00,2016-07-06 08:41:13+00:00,User_49,Car,New credit,8000.0
case_54,W_Validate application,2016-07-05 18:30:13+00:00,2016-07-05 18:32:13+00:00,User_14,Car,New credit,7000.0
case_39,W_Validate application,2016-07-06 05:22:13+00:00,2016-07-06 05:23:13+00:00,User_30,Car,New credit,10000.0
case_9,W_Validate application,2016-07-06 07:43:13+00:00,2016-07-06 07:47:13+00:00,User_30,Home improvement,New credit,7500.0
case_47,W_Validate application,2016-07-14 08:58:13+00:00,2016-07-14 09:01:13+00:00,User_117,Home improvement,New credit,5000.0
case_9,W_Call incomplete files,2016-07-07 11:01:13+00:00,2016-07-07 11:02:13+00:00,User_33,Home improvement,New credit,7500.0
case_40,W_Validate application,2016-07-07 10:48:13+00:00,2016-07-07 10:51:13+00:00,User_87,"Other, see explanation",New credit,5000.0
case_50,W_Validate application,2016-07-07 13:07:13+00:00,2016-07-07 13:07:13+00:00,User_114,Unknown,New credit,13000.0
case_23,W_Call incomplete files,2016-07-06 13:26:13+00:00,2016-07-06 13:28:13+00:00,User_100,Home improvement,New credit,10000.0
case_14,W_Validate application,2016-07-08 14:38:13+00:00,2016-07-08 14:39:13+00:00,User_117,Existing loan takeover,New credit,15000.0
case_29,W_Validate application,2016-07-07 07:45:13+00:00,2016-07-07 07:46:13+00:00,User_95,Existing loan takeover,New credit,47000.0
case_7,W_Validate application,2016-07-08 06:44:13+00:00,2016-07-08 06:49:13+00:00,User_113,Existing loan takeover,New credit,26400.0
case_52,W_Call after offers,2016-07-06 18:27:13+00:00,2016-07-06 18:29:13+00:00,User_42,Existing loan takeover,New credit,11000.0
case_38,W_Validate application,2016-07-07 14:05:13+00:00,2016-07-07 14:11:13+00:00,User_29,Home improvement,New credit,22500.0
case_62,W_Validate application,2016-07-07 06:07:13+00:00,2016-07-07 06:08:13+00:00,User_99,"Other, see explanation",New credit,6000.0
case_52,W_Validate application,2016-07-07 11:20:13+00:00,2016-07-07 11:23:13+00:00,User_99,Existing loan takeover,New credit,11000.0
case_62,W_Call incomplete files,2016-07-07 08:24:13+00:00,2016-07-07 08:24:13+00:00,User_41,"Other, see explanation",New credit,6000.0
case_29,W_Call incomplete files,2016-07-07 08:59:13+00:00,2016-07-07 08:59:13+00:00,User_102,Existing loan takeover,New credit,47000.0
case_60,W_Call after offers,2016-07-07 13:20:13+00:00,2016-07-07 13:23:13+00:00,User_16,Unknown,New credit,0.0
case_2,W_Validate application,2016-07-07 11:11:13+00:00,2016-07-07 11:12:13+00:00,User_87,Home improvement,New credit,5000.0
case_40,W_Call incomplete files,2016-07-07 18:21:13+00:00,2016-07-07 18:24:13+00:00,User_14,"Other, see explanation",New credit,5000.0
case_2,W_Call incomplete files,2016-07-07 15:23:13+00:00,2016-07-07 15:23:13+00:00,User_5,Home improvement,New credit,5000.0
case_52,W_Call incomplete files,2016-07-07 12:31:13+00:00,2016-07-07 12:31:13+00:00,User_100,Existing loan takeover,New credit,11000.0
case_5,W_Call incomplete files,2016-07-07 12:52:13+00:00,2016-07-07 12:52:13+00:00,User_17,Home improvement,New credit,5000.0
case_3,W_Validate application,2016-07-08 05:15:13+00:00,2016-07-08 05:15:13+00:00,User_30,Home improvement,New credit,15000.0
case_50,W_Call incomplete files,2016-07-08 11:04:13+00:00,2016-07-08 11:05:13+00:00,User_15,Unknown,New credit,13000.0
case_60,W_Validate application,2016-07-08 06:12:13+00:00,2016-07-08 06:17:13+00:00,User_2,Unknown,New credit,0.0
case_38,W_Call incomplete files,2016-07-09 09:27:13+00:00,2016-07-09 09:30:13+00:00,User_31,Home improvement,New credit,22500.0
case_58,W_Validate application,2016-07-11 14:58:13+00:00,2016-07-11 14:58:13+00:00,User_30,Car,New credit,7000.0
case_21,W_Call after offers,2016-07-08 18:22:13+00:00,2016-07-08 18:23:13+00:00,User_41,Existing loan takeover,New credit,22000.0
case_60,W_Call incomplete files,2016-07-08 11:24:13+00:00,2016-07-08 11:30:13+00:00,User_41,Unknown,New credit,0.0
case_7,W_Call incomplete files,2016-07-11 15:00:13+00:00,2016-07-12 04:01:13+00:00,User_30,Existing loan takeover,New credit,26400.0
case_34,W_Validate application,2016-07-08 07:54:13+00:00,2016-07-08 07:54:13+00:00,User_30,Car,New credit,5000.0
case_34,W_Call incomplete files,2016-07-08 10:55:13+00:00,2016-07-08 10:59:13+00:00,User_13,Car,New credit,5000.0
case_55,W_Validate application,2016-07-08 09:48:13+00:00,2016-07-08 09:48:13+00:00,User_23,Existing loan takeover,New credit,25000.0
case_55,W_Call incomplete files,2016-07-12 18:58:13+00:00,2016-07-12 19:04:13+00:00,User_14,Existing loan takeover,New credit,25000.0
case_26,W_Validate application,2016-07-12 07:39:13+00:00,2016-07-12 07:45:13+00:00,User_29,Existing loan takeover,New credit,16000.0
case_61,W_Validate application,2016-07-08 14:50:13+00:00,2016-07-08 14:51:13+00:00,User_68,"Other, see explanation",New credit,75000.0
case_4,W_Call incomplete files,2016-07-08 15:54:13+00:00,2016-07-08 15:55:13+00:00,User_16,Home improvement,New credit,15000.0
case_61,W_Call incomplete files,2016-07-11 07:45:13+00:00,2016-07-11 07:49:13+00:00,User_29,"Other, see explanation",New credit,75000.0
case_41,W_Validate application,2016-07-09 16:56:13+00:00,2016-07-11 06:02:13+00:00,User_2,"Other, see explanation",New credit,5000.0
case_59,W_Validate application,2016-07-12 05:06:13+00:00,2016-07-12 05:08:13+00:00,User_87,Existing loan takeover,New credit,5000.0
case_21,W_Validate application,2016-07-11 07:28:13+00:00,2016-07-11 07:28:13+00:00,User_87,Existing loan takeover,New credit,22000.0
case_10,W_Validate application,2016-07-11 10:19:13+00:00,2016-07-11 10:21:13+00:00,User_118,Car,Limit raise,24000.0
case_48,W_Validate application,2016-07-09 14:47:13+00:00,2016-07-09 14:49:13+00:00,User_7,Existing loan takeover,Limit raise,13500.0
case_24,W_Validate application,2016-07-11 06:54:13+00:00,2016-07-11 06:55:13+00:00,User_109,Existing loan takeover,Limit raise,9750.0
case_30,W_Call after offers,2016-07-11 12:35:13+00:00,2016-07-11 12:39:13+00:00,User_100,"Other, see explanation",New credit,10000.0
case_48,W_Call incomplete files,2016-07-11 08:01:13+00:00,2016-07-11 08:01:13+00:00,User_71,Existing loan takeover,Limit raise,13500.0
case_41,W_Call incomplete files,2016-07-11 11:17:13+00:00,2016-07-11 11:20:13+00:00,User_87,"Other, see explanation",New credit,5000.0
case_1,W_Call incomplete files,2016-07-14 09:17:13+00:00,2016-07-14 09:17:13+00:00,User_5,Home improvement,New credit,20000.0
case_10,W_Call incomplete files,2016-07-11 16:06:13+00:00,2016-07-11 16:16:13+00:00,User_75,Car,Limit raise,24000.0
case_35,W_Call after offers,2016-07-11 16:04:13+00:00,2016-07-11 16:04:13+00:00,User_39,Car,New credit,6000.0
case_30,W_Validate application,2016-07-11 13:54:13+00:00,2016-07-11 14:02:13+00:00,User_30,"Other, see explanation",New credit,10000.0
case_35,W_Validate application,2016-07-12 10:53:13+00:00,2016-07-12 10:53:13+00:00,User_99,Car,New credit,6000.0
case_15,W_Call incomplete files,2016-07-14 18:55:13+00:00,2016-07-14 18:55:13+00:00,User_19,Car,New credit,15000.0
case_47,W_Call incomplete files,2016-07-14 13:23:13+00:00,2016-07-14 13:36:13+00:00,User_41,Home improvement,New credit,5000.0
