case:concept:name,concept:name,start:timestamp,time:timestamp,org:resource,LoanGoal,ApplicationType,RequestedAmount
case_1,W_Complete application,2016-07-04 08:07:13+00:00,2016-07-04 08:16:13+00:00,User_22,Existing loan takeover,New credit,6000.0
case_2,W_Complete application,2016-07-04 08:13:13+00:00,2016-07-04 08:16:13+00:00,User_41,Unknown,New credit,13000.0
case_1,W_Call after offers,2016-07-15 10:02:13+00:00,2016-07-15 10:03:13+00:00,User_60,Existing loan takeover,New credit,6000.0
case_2,W_Call after offers,2016-07-08 09:41:13+00:00,2016-07-08 09:44:13+00:00,User_43,Unknown,New credit,13000.0
case_3,W_Complete application,2016-07-04 08:49:13+00:00,2016-07-04 08:55:13+00:00,User_25,Car,New credit,5000.0
case_4,W_Complete application,2016-07-04 08:49:13+00:00,2016-07-04 09:04:13+00:00,User_49,Home improvement,New credit,13000.0
case_5,W_Complete application,2016-07-04 08:51:13+00:00,2016-07-04 08:52:13+00:00,User_42,Car,New credit,18750.0
case_5,W_Call after offers,2016-07-04 15:59:13+00:00,2016-07-04 16:11:13+00:00,User_20,Car,New credit,18750.0
case_6,W_Complete application,2016-07-04 08:52:13+00:00,2016-07-04 08:56:13+00:00,User_14,Home improvement,New credit,20000.0
case_3,W_Call after offers,2016-07-04 09:58:13+00:00,2016-07-04 10:00:13+00:00,User_18,Car,New credit,5000.0
case_6,W_Call after offers,2016-07-04 09:36:13+00:00,2016-07-04 09:40:13+00:00,User_15,Home improvement,New credit,20000.0
case_4,W_Call after offers,2016-07-04 10:03:13+00:00,2016-07-04 10:03:13+00:00,User_3,Home improvement,New credit,13000.0
case_7,W_Complete application,2016-07-04 09:21:13+00:00,2016-07-04 09:25:13+00:00,User_32,"Other, see explanation",New credit,5000.0
case_8,W_Complete application,2016-07-04 09:22:13+00:00,2016-07-04 09:23:13+00:00,User_28,Car,New credit,17500.0
case_9,W_Complete application,2016-07-04 09:22:13+00:00,2016-07-04 09:35:13+00:00,User_2,Car,New credit,19000.0
case_8,W_Call after offers,2016-07-04 12:36:13+00:00,2016-07-04 12:37:13+00:00,User_2,Car,New credit,17500.0
case_7,W_Call after offers,2016-07-05 17:47:13+00:00,2016-07-05 17:47:13+00:00,User_41,"Other, see explanation",New credit,5000.0
case_9,W_Call after offers,2016-07-05 12:07:13+00:00,2016-07-05 12:11:13+00:00,User_15,Car,New credit,19000.0
case_6,W_Validate application,2016-07-04 10:00:13+00:00,2016-07-04 10:10:13+00:00,User_30,Home improvement,New credit,20000.0
case_10,W_Handle leads,2016-07-04 09:53:13+00:00,2016-07-04 09:54:13+00:00,User_14,Car,New credit,22000.0
case_10,W_Complete application,2016-07-04 12:08:13+00:00,2016-07-04 12:08:13+00:00,User_53,Car,New credit,22000.0
case_11,W_Assess potential fraud,2016-07-04 09:55:13+00:00,2016-07-04 10:14:13+00:00,User_30,"Other, see explanation",New credit,10000.0
case_12,W_Handle leads,2016-07-04 09:55:13+00:00,2016-07-04 09:57:13+00:00,User_31,Unknown,New credit,0.0
case_12,W_Complete application,2016-07-04 20:33:13+00:00,2016-07-04 20:45:13+00:00,User_43,Unknown,New credit,0.0
case_3,W_Validate application,2016-07-04 12:23:13+00:00,2016-07-04 12:23:13+00:00,User_113,Car,New credit,5000.0
case_4,W_Validate application,2016-07-06 07:46:13+00:00,2016-07-06 07:47:13+00:00,User_116,Home improvement,New credit,13000.0
case_6,W_Call incomplete files,2016-07-04 20:54:13+00:00,2016-07-05 16:03:13+00:00,User_44,Home improvement,New credit,20000.0
case_13,W_Complete application,2016-07-04 10:10:13+00:00,2016-07-04 10:11:13+00:00,User_51,Car,New credit,5000.0
case_13,W_Call after offers,2016-07-04 16:28:13+00:00,2016-07-04 16:37:13+00:00,User_61,Car,New credit,5000.0
case_14,W_Complete application,2016-07-04 10:12:13+00:00,2016-07-04 10:16:13+00:00,User_5,Home improvement,New credit,15000.0
case_14,W_Call after offers,2016-07-05 12:02:13+00:00,2016-07-05 12:06:13+00:00,User_28,Home improvement,New credit,15000.0
case_15,W_Complete application,2016-07-04 10:19:13+00:00,2016-07-04 10:23:13+00:00,User_17,Car,New credit,15000.0
case_16,W_Complete application,2016-07-04 10:20:13+00:00,2016-07-04 10:23:13+00:00,User_49,Remaining debt home,New credit,10000.0
case_15,W_Call after offers,2016-07-07 08:45:13+00:00,2016-07-07 08:47:13+00:00,User_32,Car,New credit,15000.0
case_16,W_Call after offers,2016-07-04 16:12:13+00:00,2016-07-04 16:18:13+00:00,User_11,Remaining debt home,New credit,10000.0
case_10,W_Call after offers,2016-07-05 09:59:13+00:00,2016-07-05 10:02:13+00:00,User_15,Car,New credit,22000.0
case_8,W_Validate application,2016-07-05 10:21:13+00:00,2016-07-05 10:23:13+00:00,User_87,Car,New credit,17500.0
case_17,W_Complete application,2016-07-04 13:28:13+00:00,2016-07-04 13:30:13+00:00,User_39,Remaining debt home,Limit raise,25000.0
case_17,W_Call after offers,2016-07-04 16:40:13+00:00,2016-07-04 16:40:13+00:00,User_61,Remaining debt home,Limit raise,25000.0
case_18,W_Complete application,2016-07-04 13:31:13+00:00,2016-07-04 13:37:13+00:00,User_42,Existing loan takeover,New credit,10000.0
case_19,W_Complete application,2016-07-04 13:31:13+00:00,2016-07-04 16:01:13+00:00,User_11,Existing loan takeover,New credit,15000.0
case_20,W_Complete application,2016-07-04 13:35:13+00:00,2016-07-04 13:41:13+00:00,User_15,Unknown,New credit,0.0
case_18,W_Call after offers,2016-07-04 15:36:13+00:00,2016-07-04 15:38:13+00:00,User_46,Existing loan takeover,New credit,10000.0
case_20,W_Call after offers,2016-07-05 11:15:13+00:00,2016-07-05 11:22:13+00:00,User_71,Unknown,New credit,0.0
case_21,W_Complete application,2016-07-04 14:00:13+00:00,2016-07-04 14:02:13+00:00,User_73,Car,New credit,12000.0
case_21,W_Call after offers,2016-07-07 14:44:13+00:00,2016-07-07 14:46:13+00:00,User_43,Car,New credit,12000.0
case_22,W_Complete application,2016-07-04 14:04:13+00:00,2016-07-04 14:12:13+00:00,User_24,Home improvement,New credit,25000.0
case_23,W_Complete application,2016-07-04 14:06:13+00:00,2016-07-04 14:10:13+00:00,User_17,Home improvement,New credit,5000.0
case_23,W_Call after offers,2016-07-05 14:04:13+00:00,2016-07-05 14:05:13+00:00,User_37,Home improvement,New credit,5000.0
case_22,W_Call after offers,2016-07-04 15:06:13+00:00,2016-07-04 15:08:13+00:00,User_48,Home improvement,New credit,25000.0
case_24,W_Complete application,2016-07-04 14:18:13+00:00,2016-07-04 14:19:13+00:00,User_61,Home improvement,New credit,25000.0
case_24,W_Call after offers,2016-07-04 16:09:13+00:00,2016-07-04 16:09:13+00:00,User_36,Home improvement,New credit,25000.0
case_25,W_Complete application,2016-07-04 14:31:13+00:00,2016-07-04 14:57:13+00:00,User_71,Car,New credit,10000.0
case_26,W_Complete application,2016-07-04 14:39:13+00:00,2016-07-04 14:47:13+00:00,User_2,Car,New credit,8000.0
case_27,W_Complete application,2016-07-04 14:41:13+00:00,2016-07-04 14:47:13+00:00,User_71,Car,New credit,25700.0
case_26,W_Call after offers,2016-07-07 12:16:13+00:00,2016-07-07 12:17:13+00:00,User_31,Car,New credit,8000.0
case_27,W_Call after offers,2016-07-04 17:37:13+00:00,2016-07-04 17:38:13+00:00,User_42,Car,New credit,25700.0
case_28,W_Complete application,2016-07-04 14:53:13+00:00,2016-07-04 14:57:13+00:00,User_13,Car,New credit,7500.0
case_25,W_Call after offers,2016-07-07 10:19:13+00:00,2016-07-07 10:21:13+00:00,User_14,Car,New credit,10000.0
case_28,W_Call after offers,2016-07-04 15:09:13+00:00,2016-07-04 15:14:13+00:00,User_3,Car,New credit,7500.0
case_29,W_Complete application,2016-07-04 14:57:13+00:00,2016-07-04 15:06:13+00:00,User_49,Home improvement,New credit,10000.0
case_30,W_Complete application,2016-07-04 14:58:13+00:00,2016-07-04 15:20:13+00:00,User_40,Existing loan takeover,New credit,30000.0
case_29,W_Call after offers,2016-07-05 11:51:13+00:00,2016-07-05 13:04:13+00:00,User_85,Home improvement,New credit,10000.0
case_22,W_Validate application,2016-07-05 09:12:13+00:00,2016-07-05 09:16:13+00:00,User_29,Home improvement,New credit,25000.0
case_28,W_Validate application,2016-07-05 12:19:13+00:00,2016-07-05 12:23:13+00:00,User_87,Car,New credit,7500.0
case_31,W_Complete application,2016-07-04 15:17:13+00:00,2016-07-04 15:39:13+00:00,User_60,Existing loan takeover,New credit,25700.0
case_32,W_Handle leads,2016-07-04 15:17:13+00:00,2016-07-05 06:01:13+00:00,User_14,Car,New credit,13000.0
case_30,W_Call after offers,2016-07-04 18:00:13+00:00,2016-07-04 18:00:13+00:00,User_21,Existing loan takeover,New credit,30000.0
case_33,W_Complete application,2016-07-04 15:21:13+00:00,2016-07-04 15:24:13+00:00,User_49,Unknown,Limit raise,27500.0
case_34,W_Complete application,2016-07-04 15:21:13+00:00,2016-07-04 15:21:13+00:00,User_7,Home improvement,New credit,10000.0
case_34,W_Call after offers,2016-07-08 13:32:13+00:00,2016-07-08 13:34:13+00:00,User_85,Home improvement,New credit,10000.0
case_35,W_Handle leads,2016-07-04 15:21:13+00:00,2016-07-04 15:21:13+00:00,User_7,Home improvement,New credit,15000.0
case_35,W_Complete application,2016-07-05 13:20:13+00:00,2016-07-05 13:20:13+00:00,User_13,Home improvement,New credit,15000.0
case_33,W_Call after offers,2016-07-07 11:13:13+00:00,2016-07-07 11:15:13+00:00,User_85,Unknown,Limit raise,27500.0
case_36,W_Complete application,2016-07-04 15:24:13+00:00,2016-07-04 15:26:13+00:00,User_85,Car,New credit,18000.0
case_37,W_Complete application,2016-07-04 15:25:13+00:00,2016-07-04 15:34:13+00:00,User_35,Unknown,Limit raise,0.0
case_38,W_Complete application,2016-07-04 15:25:13+00:00,2016-07-04 15:27:13+00:00,User_31,Home improvement,New credit,10000.0
case_36,W_Call after offers,2016-07-06 13:21:13+00:00,2016-07-06 13:25:13+00:00,User_24,Car,New credit,18000.0
case_38,W_Call after offers,2016-07-05 07:46:13+00:00,2016-07-05 07:50:13+00:00,User_39,Home improvement,New credit,10000.0
case_39,W_Complete application,2016-07-04 15:32:13+00:00,2016-07-04 16:01:13+00:00,User_28,Home improvement,New credit,8000.0
case_37,W_Call after offers,2016-07-05 19:30:13+00:00,2016-07-05 19:33:13+00:00,User_17,Unknown,Limit raise,0.0
case_40,W_Complete application,2016-07-04 15:35:13+00:00,2016-07-04 16:01:13+00:00,User_108,Car,New credit,10000.0
case_18,W_Validate application,2016-07-05 12:59:13+00:00,2016-07-05 13:00:13+00:00,User_113,Existing loan takeover,New credit,10000.0
case_31,W_Call after offers,2016-07-04 16:24:13+00:00,2016-07-04 16:45:13+00:00,User_61,Existing loan takeover,New credit,25700.0
case_41,W_Complete application,2016-07-04 15:49:13+00:00,2016-07-04 16:09:13+00:00,User_16,Home improvement,New credit,25000.0
case_42,W_Complete application,2016-07-04 15:51:13+00:00,2016-07-04 15:58:13+00:00,User_49,Car,New credit,22000.0
case_43,W_Complete application,2016-07-04 15:53:13+00:00,2016-07-04 16:03:13+00:00,User_27,Car,New credit,9250.0
case_44,W_Handle leads,2016-07-04 15:54:13+00:00,2016-07-04 15:54:13+00:00,User_2,Home improvement,New credit,6000.0
case_44,W_Complete application,2016-07-04 18:25:13+00:00,2016-07-04 18:25:13+00:00,User_11,Home improvement,New credit,6000.0
case_42,W_Call after offers,2016-07-06 12:41:13+00:00,2016-07-06 12:41:13+00:00,User_43,Car,New credit,22000.0
case_19,W_Call after offers,2016-07-08 16:24:13+00:00,2016-07-08 16:26:13+00:00,User_85,Existing loan takeover,New credit,15000.0
case_39,W_Call after offers,2016-07-05 07:37:13+00:00,2016-07-05 07:39:13+00:00,User_60,Home improvement,New credit,8000.0
case_40,W_Call after offers,2016-07-05 09:33:13+00:00,2016-07-05 09:34:13+00:00,User_71,Car,New credit,10000.0
case_43,W_Call after offers,2016-07-05 14:02:13+00:00,2016-07-05 14:04:13+00:00,User_3,Car,New credit,9250.0
case_45,W_Complete application,2016-07-04 16:06:13+00:00,2016-07-04 16:26:13+00:00,User_19,Home improvement,New credit,30000.0
case_24,W_Validate application,2016-07-07 12:47:13+00:00,2016-07-07 12:47:13+00:00,User_116,Home improvement,New credit,25000.0
case_41,W_Call after offers,2016-07-08 16:32:13+00:00,2016-07-08 16:33:13+00:00,User_26,Home improvement,New credit,25000.0
case_46,W_Complete application,2016-07-04 16:10:13+00:00,2016-07-04 16:12:13+00:00,User_15,Car,New credit,5000.0
case_5,W_Validate application,2016-07-07 10:17:13+00:00,2016-07-07 10:20:13+00:00,User_119,Car,New credit,18750.0
case_46,W_Call after offers,2016-07-04 16:30:13+00:00,2016-07-04 16:52:13+00:00,User_37,Car,New credit,5000.0
case_16,W_Validate application,2016-07-05 05:34:13+00:00,2016-07-05 05:34:13+00:00,User_118,Remaining debt home,New credit,10000.0
case_47,W_Handle leads,2016-07-04 16:20:13+00:00,2016-07-04 16:23:13+00:00,User_5,Car,New credit,5000.0
case_47,W_Complete application,2016-07-08 13:12:13+00:00,2016-07-08 13:12:13+00:00,User_6,Car,New credit,5000.0
case_45,W_Call after offers,2016-07-06 18:50:13+00:00,2016-07-06 18:50:13+00:00,User_60,Home improvement,New credit,30000.0
case_48,W_Complete application,2016-07-04 16:26:13+00:00,2016-07-05 06:08:13+00:00,User_2,Existing loan takeover,New credit,20000.0
case_13,W_Validate application,2016-07-05 08:34:13+00:00,2016-07-05 08:34:13+00:00,User_99,Car,New credit,5000.0
case_17,W_Validate application,2016-07-05 11:21:13+00:00,2016-07-05 11:21:13+00:00,User_75,Remaining debt home,Limit raise,25000.0
case_49,W_Complete application,2016-07-04 16:43:13+00:00,2016-07-04 16:51:13+00:00,User_51,Home improvement,New credit,5000.0
case_31,W_Validate application,2016-07-05 07:08:13+00:00,2016-07-05 07:09:13+00:00,User_95,Existing loan takeover,New credit,25700.0
case_50,W_Complete application,2016-07-04 16:46:13+00:00,2016-07-04 16:47:13+00:00,User_48,Car,Limit raise,10000.0
case_50,W_Call after offers,2016-07-11 12:50:13+00:00,2016-07-11 12:51:13+00:00,User_85,Car,Limit raise,10000.0
case_49,W_Call after offers,2016-07-04 19:56:13+00:00,2016-07-04 19:57:13+00:00,User_25,Home improvement,New credit,5000.0
case_46,W_Validate application,2016-07-11 13:17:13+00:00,2016-07-11 13:18:13+00:00,User_112,Car,New credit,5000.0
case_51,W_Complete application,2016-07-04 17:01:13+00:00,2016-07-04 18:01:13+00:00,User_70,Existing loan takeover,New credit,22500.0
case_52,W_Complete application,2016-07-04 17:01:13+00:00,2016-07-04 17:09:13+00:00,User_25,Existing loan takeover,New credit,11800.0
case_52,W_Call after offers,2016-07-04 18:18:13+00:00,2016-07-04 18:23:13+00:00,User_18,Existing loan takeover,New credit,11800.0
case_27,W_Validate application,2016-07-05 09:49:13+00:00,2016-07-05 09:50:13+00:00,User_87,Car,New credit,25700.0
case_53,W_Complete application,2016-07-04 17:59:13+00:00,2016-07-04 18:05:13+00:00,User_37,Home improvement,New credit,15000.0
case_30,W_Validate application,2016-07-05 12:00:13+00:00,2016-07-05 12:06:13+00:00,User_29,Existing loan takeover,New credit,30000.0
case_51,W_Call after offers,2016-07-05 19:15:13+00:00,2016-07-05 19:17:13+00:00,User_32,Existing loan takeover,New credit,22500.0
case_54,W_Complete application,2016-07-04 18:03:13+00:00,2016-07-05 07:01:13+00:00,User_16,Existing loan takeover,New credit,20000.0
case_53,W_Call after offers,2016-07-08 13:37:13+00:00,2016-07-08 13:37:13+00:00,User_24,Home improvement,New credit,15000.0
case_55,W_Complete application,2016-07-04 18:08:13+00:00,2016-07-05 07:03:13+00:00,User_24,Unknown,New credit,0.0
case_56,W_Complete application,2016-07-04 18:14:13+00:00,2016-07-04 18:34:13+00:00,User_5,Extra spending limit,New credit,15000.0
case_57,W_Complete application,2016-07-04 18:16:13+00:00,2016-07-04 18:16:13+00:00,User_61,Car,New credit,16000.0
case_57,W_Call after offers,2016-07-05 12:11:13+00:00,2016-07-05 12:13:13+00:00,User_3,Car,New credit,16000.0
case_52,W_Validate application,2016-07-06 12:49:13+00:00,2016-07-06 12:51:13+00:00,User_123,Existing loan takeover,New credit,11800.0
case_44,W_Call after offers,2016-07-09 12:49:13+00:00,2016-07-09 12:53:13+00:00,User_31,Home improvement,New credit,6000.0
case_58,W_Complete application,2016-07-04 18:31:13+00:00,2016-07-05 07:01:13+00:00,User_61,Extra spending limit,New credit,5000.0
case_59,W_Complete application,2016-07-04 18:32:13+00:00,2016-07-04 18:33:13+00:00,User_108,"Other, see explanation",Limit raise,20000.0
case_59,W_Call after offers,2016-07-09 08:09:13+00:00,2016-07-09 08:15:13+00:00,User_52,"Other, see explanation",Limit raise,20000.0
case_56,W_Call after offers,2016-07-05 13:13:13+00:00,2016-07-05 13:27:13+00:00,User_28,Extra spending limit,New credit,15000.0
case_60,W_Complete application,2016-07-04 18:34:13+00:00,2016-07-05 07:11:13+00:00,User_24,Car,New credit,56000.0
case_61,W_Complete application,2016-07-04 18:47:13+00:00,2016-07-05 07:01:13+00:00,User_24,Car,Limit raise,20000.0
case_62,W_Handle leads,2016-07-04 18:55:13+00:00,2016-07-05 07:01:13+00:00,User_16,Car,New credit,20000.0
case_49,W_Validate application,2016-07-05 14:44:13+00:00,2016-07-05 14:44:13+00:00,User_121,Home improvement,New credit,5000.0
case_12,W_Call after offers,2016-07-05 09:46:13+00:00,2016-07-05 09:54:13+00:00,User_53,Unknown,New credit,0.0
case_32,W_Complete application,2016-07-05 11:06:13+00:00,2016-07-05 11:14:13+00:00,User_71,Car,New credit,13000.0
case_48,W_Call after offers,2016-07-06 15:43:13+00:00,2016-07-06 15:45:13+00:00,User_19,Existing loan takeover,New credit,20000.0
case_54,W_Call after offers,2016-07-05 07:05:13+00:00,2016-07-05 07:05:13+00:00,User_23,Existing loan takeover,New credit,20000.0
case_58,W_Call after offers,2016-07-06 13:11:13+00:00,2016-07-06 13:15:13+00:00,User_20,Extra spending limit,New credit,5000.0
case_61,W_Call after offers,2016-07-06 09:28:13+00:00,2016-07-06 09:33:13+00:00,User_3,Car,Limit raise,20000.0
case_62,W_Complete application,2016-07-05 07:27:13+00:00,2016-07-05 07:27:13+00:00,User_41,Car,New credit,20000.0
case_55,W_Call after offers,2016-07-06 10:49:13+00:00,2016-07-06 10:51:13+00:00,User_5,Unknown,New credit,0.0
case_54,W_Validate application,2016-07-05 07:08:13+00:00,2016-07-05 07:08:13+00:00,User_99,Existing loan takeover,New credit,20000.0
case_60,W_Call after offers,2016-07-06 12:28:13+00:00,2016-07-06 12:31:13+00:00,User_38,Car,New credit,56000.0
case_62,W_Call after offers,2016-07-05 08:43:13+00:00,2016-07-05 08:54:13+00:00,User_38,Car,New credit,20000.0
case_39,W_Validate application,2016-07-05 08:04:13+00:00,2016-07-05 08:06:13+00:00,User_99,Home improvement,New credit,8000.0
case_38,W_Validate application,2016-07-13 05:31:13+00:00,2016-07-13 05:35:13+00:00,User_118,Home improvement,New credit,10000.0
case_13,W_Call incomplete files,2016-07-05 20:11:13+00:00,2016-07-05 20:14:13+00:00,User_14,Car,New credit,5000.0
case_62,W_Validate application,2016-07-06 16:59:13+00:00,2016-07-07 07:06:13+00:00,User_117,Car,New credit,20000.0
case_40,W_Validate application,2016-07-05 09:34:13+00:00,2016-07-05 09:40:13+00:00,User_30,Car,New credit,10000.0
case_27,W_Call incomplete files,2016-07-05 11:57:13+00:00,2016-07-05 11:57:13+00:00,User_2,Car,New credit,25700.0
case_12,W_Validate application,2016-07-05 09:58:13+00:00,2016-07-05 09:58:13+00:00,User_99,Unknown,New credit,0.0
case_10,W_Validate application,2016-07-05 13:31:13+00:00,2016-07-05 13:31:13+00:00,User_87,Car,New credit,22000.0
case_32,W_Call after offers,2016-07-06 18:56:13+00:00,2016-07-06 18:59:13+00:00,User_28,Car,New credit,13000.0
case_20,W_Validate application,2016-07-07 09:18:13+00:00,2016-07-07 09:18:13+00:00,User_10,Unknown,New credit,0.0
case_14,W_Validate application,2016-07-06 06:17:13+00:00,2016-07-06 06:19:13+00:00,User_121,Home improvement,New credit,15000.0
case_30,W_Call incomplete files,2016-07-05 17:03:13+00:00,2016-07-05 17:06:13+00:00,User_86,Existing loan takeover,New credit,30000.0
case_9,W_Validate application,2016-07-07 08:59:13+00:00,2016-07-07 08:59:13+00:00,User_30,Car,New credit,19000.0
case_57,W_Validate application,2016-07-05 13:26:13+00:00,2016-07-05 13:26:13+00:00,User_114,Car,New credit,16000.0
case_29,W_Validate application,2016-07-06 08:32:13+00:00,2016-07-06 08:38:13+00:00,User_87,Home improvement,New credit,10000.0
case_35,W_Call after offers,2016-07-05 13:20:13+00:00,2016-07-05 13:20:13+00:00,User_18,Home improvement,New credit,15000.0
case_35,W_Validate application,2016-07-06 05:03:13+00:00,2016-07-06 05:08:13+00:00,User_87,Home improvement,New credit,15000.0
case_57,W_Call incomplete files,2016-07-05 18:09:13+00:00,2016-07-05 18:10:13+00:00,User_49,Car,New credit,16000.0
case_56,W_Validate application,2016-07-06 05:54:13+00:00,2016-07-06 05:57:13+00:00,User_87,Extra spending limit,New credit,15000.0
case_43,W_Validate application,2016-07-05 16:10:13+00:00,2016-07-05 16:15:13+00:00,User_102,Car,New credit,9250.0
case_23,W_Validate application,2016-07-07 13:50:13+00:00,2016-07-07 13:50:13+00:00,User_117,Home improvement,New credit,5000.0
case_7,W_Validate application,2016-07-08 10:52:13+00:00,2016-07-08 10:58:13+00:00,User_114,"Other, see explanation",New credit,5000.0
case_51,W_Validate application,2016-07-06 06:12:13+00:00,2016-07-06 06:13:13+00:00,User_100,Existing loan takeover,New credit,22500.0
case_37,W_Validate application,2016-07-06 08:59:13+00:00,2016-07-06 08:59:13+00:00,User_117,Unknown,Limit raise,0.0
case_29,W_Call incomplete files,2016-07-06 08:40:13+00:00,2016-07-06 08:40:13+00:00,User_49,Home improvement,New credit,10000.0
case_61,W_Validate application,2016-07-08 10:59:13+00:00,2016-07-08 11:00:13+00:00,User_120,Car,Limit raise,20000.0
case_55,W_Validate application,2016-07-08 07:00:13+00:00,2016-07-08 07:02:13+00:00,User_116,Unknown,New credit,0.0
case_60,W_Validate application,2016-07-06 20:53:13+00:00,2016-07-06 20:57:13+00:00,User_7,Car,New credit,56000.0
case_42,W_Validate application,2016-07-07 12:25:13+00:00,2016-07-07 12:27:13+00:00,User_115,Car,New credit,22000.0
case_58,W_Validate application,2016-07-13 05:40:13+00:00,2016-07-13 05:40:13+00:00,User_113,Extra spending limit,New credit,5000.0
case_36,W_Validate application,2016-07-08 12:25:13+00:00,2016-07-08 12:29:13+00:00,User_119,Car,New credit,18000.0
case_48,W_Validate application,2016-07-08 07:02:13+00:00,2016-07-08 07:03:13+00:00,User_68,Existing loan takeover,New credit,20000.0
case_45,W_Validate application,2016-07-08 08:16:13+00:00,2016-07-08 08:18:13+00:00,User_95,Home improvement,New credit,30000.0
case_32,W_Validate application,2016-07-15 09:54:13+00:00,2016-07-15 09:54:13+00:00,User_120,Car,New credit,13000.0
case_62,W_Call incomplete files,2016-07-07 07:08:13+00:00,2016-07-07 07:08:13+00:00,User_29,Car,New credit,20000.0
case_15,W_Validate application,2016-07-14 12:13:13+00:00,2016-07-14 12:14:13+00:00,User_119,Car,New credit,15000.0
case_5,W_Call incomplete files,2016-07-07 12:15:13+00:00,2016-07-07 12:30:13+00:00,User_60,Car,New credit,18750.0
case_25,W_Validate application,2016-07-14 06:36:13+00:00,2016-07-14 06:39:13+00:00,User_118,Car,New credit,10000.0
case_33,W_Validate application,2016-07-08 11:39:13+00:00,2016-07-08 11:41:13+00:00,User_87,Unknown,Limit raise,27500.0
case_26,W_Validate application,2016-07-08 09:50:13+00:00,2016-07-08 09:50:13+00:00,User_68,Car,New credit,8000.0
case_21,W_Validate application,2016-07-07 15:20:13+00:00,2016-07-07 15:20:13+00:00,User_75,Car,New credit,12000.0
case_48,W_Call incomplete files,2016-07-08 07:14:13+00:00,2016-07-08 07:18:13+00:00,User_24,Existing loan takeover,New credit,20000.0
case_45,W_Call incomplete files,2016-07-08 16:03:13+00:00,2016-07-08 16:04:13+00:00,User_4,Home improvement,New credit,30000.0
case_2,W_Validate application,2016-07-08 11:01:13+00:00,2016-07-08 11:02:13+00:00,User_30,Unknown,New credit,13000.0
case_7,W_Call incomplete files,2016-07-08 13:53:13+00:00,2016-07-08 13:55:13+00:00,User_49,"Other, see explanation",New credit,5000.0
case_47,W_Call after offers,2016-07-08 13:40:13+00:00,2016-07-08 13:44:13+00:00,User_87,Car,New credit,5000.0
case_34,W_Validate application,2016-07-13 14:32:13+00:00,2016-07-13 14:33:13+00:00,User_87,Home improvement,New credit,10000.0
case_53,W_Validate application,2016-07-08 15:05:13+00:00,2016-07-08 15:09:13+00:00,User_29,Home improvement,New credit,15000.0
case_47,W_Validate application,2016-07-11 10:35:13+00:00,2016-07-11 10:36:13+00:00,User_68,Car,New credit,5000.0
case_19,W_Validate application,2016-07-12 09:08:13+00:00,2016-07-12 09:14:13+00:00,User_30,Existing loan takeover,New credit,15000.0
case_41,W_Validate application,2016-07-14 14:06:13+00:00,2016-07-14 14:07:13+00:00,User_116,Home improvement,New credit,25000.0
case_59,W_Validate application,2016-07-11 10:02:13+00:00,2016-07-11 10:05:13+00:00,User_87,"Other, see explanation",Limit raise,20000.0
case_44,W_Validate application,2016-07-20 12:41:13+00:00,2016-07-20 12:41:13+00:00,User_119,Home improvement,New credit,6000.0
case_47,W_Call incomplete files,2016-07-11 13:29:13+00:00,2016-07-11 13:29:13+00:00,User_33,Car,New credit,5000.0
case_50,W_Validate application,2016-07-11 15:41:13+00:00,2016-07-11 15:41:13+00:00,User_117,Car,Limit raise,10000.0
case_46,W_Call incomplete files,2016-07-11 18:03:13+00:00,2016-07-11 18:03:13+00:00,User_18,Car,New credit,5000.0
case_19,W_Call incomplete files,2016-07-12 09:54:13+00:00,2016-07-12 09:54:13+00:00,User_15,Existing loan takeover,New credit,15000.0
case_38,W_Call incomplete files,2016-07-13 06:14:13+00:00,2016-07-13 06:14:13+00:00,User_14,Home improvement,New credit,10000.0
case_34,W_Call incomplete files,2016-07-15 19:44:13+00:00,2016-07-15 19:57:13+00:00,User_38,Home improvement,New credit,10000.0
case_25,W_Call incomplete files,2016-07-15 09:50:13+00:00,2016-07-15 09:50:13+00:00,User_101,Car,New credit,10000.0
case_15,W_Call incomplete files,2016-07-15 06:48:13+00:00,2016-07-15 07:01:13+00:00,User_95,Car,New credit,15000.0
case_32,W_Call incomplete files,2016-07-15 15:57:13+00:00,2016-07-15 16:01:13+00:00,User_52,Car,New credit,13000.0
case_1,W_Validate application,2016-07-15 13:37:13+00:00,2016-07-15 13:38:13+00:00,User_87,Existing loan takeover,New credit,6000.0
case_44,W_Call incomplete files,2016-07-20 12:53:13+00:00,2016-07-20 12:53:13+00:00,User_74,Home improvement,New credit,6000.0
