case:concept:name,concept:name,start:timestamp,time:timestamp,org:resource,LoanGoal,ApplicationType,RequestedAmount
case_1,W_Handle leads,2016-07-04 08:07:13+00:00,2016-07-04 08:08:13+00:00,User_2,Car,New credit,5000.0
case_1,W_Complete application,2016-07-04 15:21:13+00:00,2016-07-04 15:21:13+00:00,User_12,Car,New credit,5000.0
case_2,W_Complete application,2016-07-04 08:10:13+00:00,2016-07-04 08:21:13+00:00,User_27,Home improvement,New credit,40000.0
case_3,W_Complete application,2016-07-04 08:14:13+00:00,2016-07-04 08:14:13+00:00,User_53,Unknown,New credit,0.0
case_3,W_Call after offers,2016-07-04 10:22:13+00:00,2016-07-04 10:32:13+00:00,User_18,Unknown,New credit,0.0
case_2,W_Call after offers,2016-07-04 09:09:13+00:00,2016-07-04 09:09:13+00:00,User_33,Home improvement,New credit,40000.0
case_4,W_Complete application,2016-07-04 08:25:13+00:00,2016-07-04 08:30:13+00:00,User_34,Home improvement,New credit,0.0
case_5,W_Complete application,2016-07-04 08:29:13+00:00,2016-07-04 08:29:13+00:00,User_41,Existing loan takeover,Limit raise,8000.0
case_5,W_Call after offers,2016-07-08 07:19:13+00:00,2016-07-08 07:19:13+00:00,User_16,Existing loan takeover,Limit raise,8000.0
case_4,W_Call after offers,2016-07-04 19:55:13+00:00,2016-07-04 19:58:13+00:00,User_32,Home improvement,New credit,0.0
case_6,W_Complete application,2016-07-04 08:43:13+00:00,2016-07-04 08:55:13+00:00,User_16,Not speficied,New credit,11000.0
case_7,W_Complete application,2016-07-04 08:44:13+00:00,2016-07-04 10:02:13+00:00,User_24,Car,New credit,6500.0
case_8,W_Complete application,2016-07-04 08:46:13+00:00,2016-07-04 08:51:13+00:00,User_37,Unknown,New credit,0.0
case_9,W_Complete application,2016-07-04 08:47:13+00:00,2016-07-04 08:53:13+00:00,User_4,Car,New credit,6000.0
case_10,W_Handle leads,2016-07-04 08:49:13+00:00,2016-07-04 08:50:13+00:00,User_16,Home improvement,New credit,6000.0
case_10,W_Complete application,2016-07-04 11:19:13+00:00,2016-07-04 11:19:13+00:00,User_42,Home improvement,New credit,6000.0
case_8,W_Call after offers,2016-07-06 13:02:13+00:00,2016-07-06 13:03:13+00:00,User_38,Unknown,New credit,0.0
case_11,W_Complete application,2016-07-04 08:52:13+00:00,2016-07-04 08:53:13+00:00,User_60,Car,Limit raise,14000.0
case_12,W_Complete application,2016-07-04 08:52:13+00:00,2016-07-04 08:54:13+00:00,User_36,Existing loan takeover,New credit,15000.0
case_9,W_Call after offers,2016-07-07 13:49:13+00:00,2016-07-07 14:02:13+00:00,User_5,Car,New credit,6000.0
case_11,W_Call after offers,2016-07-09 13:35:13+00:00,2016-07-09 13:38:13+00:00,User_85,Car,Limit raise,14000.0
case_12,W_Call after offers,2016-07-05 07:30:13+00:00,2016-07-05 07:31:13+00:00,User_24,Existing loan takeover,New credit,15000.0
case_6,W_Call after offers,2016-07-04 13:21:13+00:00,2016-07-04 13:23:13+00:00,User_60,Not speficied,New credit,11000.0
case_13,W_Complete application,2016-07-04 08:56:13+00:00,2016-07-04 08:56:13+00:00,User_27,"Other, see explanation",New credit,10000.0
case_13,W_Call after offers,2016-07-05 08:51:13+00:00,2016-07-05 08:52:13+00:00,User_35,"Other, see explanation",New credit,10000.0
case_2,W_Validate application,2016-07-04 15:14:13+00:00,2016-07-04 15:15:13+00:00,User_95,Home improvement,New credit,40000.0
case_14,W_Complete application,2016-07-04 09:34:13+00:00,2016-07-04 09:35:13+00:00,User_86,Home improvement,New credit,6000.0
case_14,W_Call after offers,2016-07-06 11:57:13+00:00,2016-07-06 12:00:13+00:00,User_13,Home improvement,New credit,6000.0
case_15,W_Complete application,2016-07-04 09:45:13+00:00,2016-07-04 09:45:13+00:00,User_13,"Other, see explanation",Limit raise,10000.0
case_15,W_Call after offers,2016-07-04 10:33:13+00:00,2016-07-04 10:33:13+00:00,User_18,"Other, see explanation",Limit raise,10000.0
case_16,W_Handle leads,2016-07-04 09:46:13+00:00,2016-07-04 09:46:13+00:00,User_5,Home improvement,New credit,45000.0
case_16,W_Complete application,2016-07-08 14:03:13+00:00,2016-07-08 14:03:13+00:00,User_27,Home improvement,New credit,45000.0
case_17,W_Handle leads,2016-07-04 09:48:13+00:00,2016-07-04 09:48:13+00:00,User_38,Existing loan takeover,New credit,5000.0
case_17,W_Complete application,2016-07-04 12:02:13+00:00,2016-07-04 12:02:13+00:00,User_33,Existing loan takeover,New credit,5000.0
case_18,W_Complete application,2016-07-04 09:50:13+00:00,2016-07-04 09:50:13+00:00,User_19,Home improvement,Limit raise,0.0
case_18,W_Call after offers,2016-07-08 10:30:13+00:00,2016-07-08 10:39:13+00:00,User_17,Home improvement,Limit raise,0.0
case_19,W_Complete application,2016-07-04 09:52:13+00:00,2016-07-04 09:52:13+00:00,User_4,Home improvement,Limit raise,15000.0
case_19,W_Call after offers,2016-07-07 08:33:13+00:00,2016-07-07 08:38:13+00:00,User_27,Home improvement,Limit raise,15000.0
case_20,W_Complete application,2016-07-04 09:52:13+00:00,2016-07-04 10:02:13+00:00,User_31,Unknown,Limit raise,0.0
case_7,W_Call after offers,2016-07-04 15:01:13+00:00,2016-07-04 15:02:13+00:00,User_23,Car,New credit,6500.0
case_20,W_Call after offers,2016-07-04 18:42:13+00:00,2016-07-04 18:43:13+00:00,User_41,Unknown,Limit raise,0.0
case_3,W_Validate application,2016-07-08 12:28:13+00:00,2016-07-08 12:31:13+00:00,User_118,Unknown,New credit,0.0
case_15,W_Validate application,2016-07-05 14:45:13+00:00,2016-07-05 14:49:13+00:00,User_117,"Other, see explanation",Limit raise,10000.0
case_21,W_Complete application,2016-07-04 10:33:13+00:00,2016-07-04 10:39:13+00:00,User_51,Extra spending limit,Limit raise,30000.0
case_22,W_Complete application,2016-07-04 10:34:13+00:00,2016-07-04 10:47:13+00:00,User_61,Car,New credit,5000.0
case_23,W_Complete application,2016-07-04 10:38:13+00:00,2016-07-04 10:40:13+00:00,User_37,Car,New credit,14000.0
case_21,W_Call after offers,2016-07-04 12:38:13+00:00,2016-07-04 12:40:13+00:00,User_46,Extra spending limit,Limit raise,30000.0
case_23,W_Call after offers,2016-07-05 10:31:13+00:00,2016-07-05 10:32:13+00:00,User_2,Car,New credit,14000.0
case_22,W_Call after offers,2016-07-07 19:27:13+00:00,2016-07-07 19:35:13+00:00,User_15,Car,New credit,5000.0
case_24,W_Complete application,2016-07-04 10:52:13+00:00,2016-07-04 10:53:13+00:00,User_10,Car,Limit raise,20000.0
case_24,W_Call after offers,2016-07-04 12:10:13+00:00,2016-07-04 12:12:13+00:00,User_7,Car,Limit raise,20000.0
case_25,W_Complete application,2016-07-04 11:11:13+00:00,2016-07-04 11:31:13+00:00,User_49,Car,New credit,5000.0
case_26,W_Complete application,2016-07-04 11:12:13+00:00,2016-07-04 11:18:13+00:00,User_5,Existing loan takeover,New credit,41000.0
case_27,W_Complete application,2016-07-04 11:15:13+00:00,2016-07-04 11:36:13+00:00,User_20,Car,New credit,5000.0
case_28,W_Complete application,2016-07-04 11:16:13+00:00,2016-07-04 11:27:13+00:00,User_18,Home improvement,New credit,25000.0
case_26,W_Call after offers,2016-07-04 11:58:13+00:00,2016-07-04 12:02:13+00:00,User_15,Existing loan takeover,New credit,41000.0
case_10,W_Call after offers,2016-07-05 10:00:13+00:00,2016-07-05 10:00:13+00:00,User_7,Home improvement,New credit,6000.0
case_28,W_Call after offers,2016-07-04 13:18:13+00:00,2016-07-04 13:22:13+00:00,User_5,Home improvement,New credit,25000.0
case_29,W_Handle leads,2016-07-04 11:29:13+00:00,2016-07-04 11:29:13+00:00,User_25,Home improvement,New credit,0.0
case_29,W_Complete application,2016-07-04 14:46:13+00:00,2016-07-04 14:46:13+00:00,User_19,Home improvement,New credit,0.0
case_30,W_Complete application,2016-07-04 11:30:13+00:00,2016-07-04 11:40:13+00:00,User_7,Home improvement,Limit raise,42500.0
case_25,W_Call after offers,2016-07-04 13:06:13+00:00,2016-07-04 13:31:13+00:00,User_19,Car,New credit,5000.0
case_31,W_Complete application,2016-07-04 11:32:13+00:00,2016-07-04 12:15:13+00:00,User_38,Car,New credit,6000.0
case_32,W_Complete application,2016-07-04 11:33:13+00:00,2016-07-04 11:35:13+00:00,User_7,Car,New credit,26315.0
case_33,W_Complete application,2016-07-04 11:34:13+00:00,2016-07-04 11:39:13+00:00,User_25,Home improvement,New credit,10000.0
case_32,W_Call after offers,2016-07-12 08:49:13+00:00,2016-07-12 08:51:13+00:00,User_2,Car,New credit,26315.0
case_27,W_Call after offers,2016-07-04 12:28:13+00:00,2016-07-04 12:31:13+00:00,User_35,Car,New credit,5000.0
case_33,W_Call after offers,2016-07-05 10:22:13+00:00,2016-07-05 10:23:13+00:00,User_85,Home improvement,New credit,10000.0
case_30,W_Call after offers,2016-07-06 07:40:13+00:00,2016-07-06 07:41:13+00:00,User_26,Home improvement,Limit raise,42500.0
case_34,W_Complete application,2016-07-04 11:48:13+00:00,2016-07-04 11:52:13+00:00,User_39,Car,New credit,10000.0
case_34,W_Call after offers,2016-07-04 12:33:13+00:00,2016-07-04 12:34:13+00:00,User_42,Car,New credit,10000.0
case_35,W_Complete application,2016-07-04 11:52:13+00:00,2016-07-04 11:56:13+00:00,User_10,"Other, see explanation",Limit raise,35000.0
case_36,W_Complete application,2016-07-04 11:55:13+00:00,2016-07-04 12:02:13+00:00,User_18,Boat,New credit,7000.0
case_35,W_Call after offers,2016-07-05 17:05:13+00:00,2016-07-05 17:09:13+00:00,User_37,"Other, see explanation",Limit raise,35000.0
case_37,W_Complete application,2016-07-04 11:58:13+00:00,2016-07-04 12:06:13+00:00,User_10,Existing loan takeover,New credit,25000.0
case_17,W_Call after offers,2016-07-04 16:25:13+00:00,2016-07-04 16:25:13+00:00,User_11,Existing loan takeover,New credit,5000.0
case_26,W_Validate application,2016-07-04 12:06:13+00:00,2016-07-04 12:07:13+00:00,User_99,Existing loan takeover,New credit,41000.0
case_36,W_Call after offers,2016-07-08 16:51:13+00:00,2016-07-08 16:52:13+00:00,User_71,Boat,New credit,7000.0
case_38,W_Complete application,2016-07-04 12:03:13+00:00,2016-07-04 12:07:13+00:00,User_17,Remaining debt home,New credit,33000.0
case_39,W_Complete application,2016-07-04 12:03:13+00:00,2016-07-04 12:06:13+00:00,User_10,Remaining debt home,New credit,48000.0
case_40,W_Handle leads,2016-07-04 12:05:13+00:00,2016-07-04 12:07:13+00:00,User_23,Not speficied,New credit,37000.0
case_37,W_Call after offers,2016-07-06 08:36:13+00:00,2016-07-06 08:38:13+00:00,User_5,Existing loan takeover,New credit,25000.0
case_39,W_Call after offers,2016-07-04 15:29:13+00:00,2016-07-04 15:30:13+00:00,User_15,Remaining debt home,New credit,48000.0
case_26,W_Call incomplete files,2016-07-04 13:58:13+00:00,2016-07-04 13:58:13+00:00,User_37,Existing loan takeover,New credit,41000.0
case_38,W_Call after offers,2016-07-05 10:01:13+00:00,2016-07-05 10:04:13+00:00,User_97,Remaining debt home,New credit,33000.0
case_40,W_Complete application,2016-07-04 15:17:13+00:00,2016-07-04 15:17:13+00:00,User_97,Not speficied,New credit,37000.0
case_41,W_Complete application,2016-07-04 12:08:13+00:00,2016-07-04 12:08:13+00:00,User_18,Home improvement,New credit,6000.0
case_41,W_Call after offers,2016-07-04 15:46:13+00:00,2016-07-04 15:48:13+00:00,User_34,Home improvement,New credit,6000.0
case_42,W_Complete application,2016-07-04 12:08:13+00:00,2016-07-04 12:28:13+00:00,User_32,"Other, see explanation",New credit,18000.0
case_24,W_Validate application,2016-07-04 12:12:13+00:00,2016-07-04 12:22:13+00:00,User_33,Car,Limit raise,20000.0
case_31,W_Call after offers,2016-07-04 19:10:13+00:00,2016-07-04 19:11:13+00:00,User_37,Car,New credit,6000.0
case_42,W_Call after offers,2016-07-04 19:49:13+00:00,2016-07-04 19:51:13+00:00,User_41,"Other, see explanation",New credit,18000.0
case_27,W_Validate application,2016-07-06 12:57:13+00:00,2016-07-06 12:58:13+00:00,User_113,Car,New credit,5000.0
case_34,W_Validate application,2016-07-05 07:21:13+00:00,2016-07-05 07:24:13+00:00,User_75,Car,New credit,10000.0
case_21,W_Validate application,2016-07-06 11:30:13+00:00,2016-07-06 11:30:13+00:00,User_112,Extra spending limit,Limit raise,30000.0
case_43,W_Handle leads,2016-07-04 13:20:13+00:00,2016-07-04 13:26:13+00:00,User_19,Home improvement,New credit,15000.0
case_28,W_Validate application,2016-07-05 05:28:13+00:00,2016-07-05 05:28:13+00:00,User_118,Home improvement,New credit,25000.0
case_6,W_Validate application,2016-07-09 14:16:13+00:00,2016-07-09 14:21:13+00:00,User_2,Not speficied,New credit,11000.0
case_43,W_Complete application,2016-07-07 12:44:13+00:00,2016-07-07 12:44:13+00:00,User_44,Home improvement,New credit,15000.0
case_25,W_Validate application,2016-07-05 06:43:13+00:00,2016-07-05 06:44:13+00:00,User_95,Car,New credit,5000.0
case_44,W_Complete application,2016-07-04 13:34:13+00:00,2016-07-04 13:36:13+00:00,User_73,Car,New credit,10000.0
case_44,W_Call after offers,2016-07-06 08:04:13+00:00,2016-07-06 08:05:13+00:00,User_13,Car,New credit,10000.0
case_45,W_Complete application,2016-07-04 13:47:13+00:00,2016-07-04 13:50:13+00:00,User_89,Home improvement,New credit,5000.0
case_45,W_Call after offers,2016-07-05 13:24:13+00:00,2016-07-05 13:24:13+00:00,User_31,Home improvement,New credit,5000.0
case_46,W_Complete application,2016-07-04 13:51:13+00:00,2016-07-04 14:08:13+00:00,User_33,Car,New credit,8000.0
case_47,W_Complete application,2016-07-04 13:56:13+00:00,2016-07-04 13:57:13+00:00,User_13,Not speficied,New credit,45000.0
case_47,W_Call after offers,2016-07-04 14:10:13+00:00,2016-07-04 14:13:13+00:00,User_37,Not speficied,New credit,45000.0
case_46,W_Call after offers,2016-07-05 07:02:13+00:00,2016-07-05 07:03:13+00:00,User_4,Car,New credit,8000.0
case_48,W_Handle leads,2016-07-04 14:12:13+00:00,2016-07-05 07:01:13+00:00,User_47,Car,New credit,10000.0
case_47,W_Validate application,2016-07-05 12:30:13+00:00,2016-07-05 12:31:13+00:00,User_7,Not speficied,New credit,45000.0
case_49,W_Complete application,2016-07-04 14:14:13+00:00,2016-07-04 14:23:13+00:00,User_46,"Other, see explanation",New credit,5000.0
case_50,W_Complete application,2016-07-04 14:15:13+00:00,2016-07-04 14:15:13+00:00,User_27,Home improvement,New credit,15000.0
case_50,W_Call after offers,2016-07-06 15:18:13+00:00,2016-07-06 15:27:13+00:00,User_32,Home improvement,New credit,15000.0
case_51,W_Complete application,2016-07-04 14:18:13+00:00,2016-07-04 14:19:13+00:00,User_60,Car,New credit,5000.0
case_51,W_Call after offers,2016-07-04 16:52:13+00:00,2016-07-04 16:53:13+00:00,User_74,Car,New credit,5000.0
case_49,W_Call after offers,2016-07-05 19:47:13+00:00,2016-07-05 19:54:13+00:00,User_92,"Other, see explanation",New credit,5000.0
case_52,W_Complete application,2016-07-04 14:45:13+00:00,2016-07-04 14:48:13+00:00,User_61,Car,New credit,16000.0
case_29,W_Call after offers,2016-07-06 11:27:13+00:00,2016-07-06 11:30:13+00:00,User_110,Home improvement,New credit,0.0
case_52,W_Call after offers,2016-07-05 19:57:13+00:00,2016-07-05 19:57:13+00:00,User_32,Car,New credit,16000.0
case_7,W_Validate application,2016-07-04 17:14:13+00:00,2016-07-04 17:19:13+00:00,User_116,Car,New credit,6500.0
case_53,W_Complete application,2016-07-04 15:06:13+00:00,2016-07-04 15:09:13+00:00,User_5,Car,New credit,5000.0
case_54,W_Complete application,2016-07-04 15:07:13+00:00,2016-07-04 15:24:13+00:00,User_35,"Other, see explanation",New credit,10000.0
case_53,W_Call after offers,2016-07-05 08:16:13+00:00,2016-07-05 08:18:13+00:00,User_3,Car,New credit,5000.0
case_2,W_Call incomplete files,2016-07-04 16:52:13+00:00,2016-07-04 16:52:13+00:00,User_49,Home improvement,New credit,40000.0
case_40,W_Call after offers,2016-07-08 08:11:13+00:00,2016-07-08 08:15:13+00:00,User_31,Not speficied,New credit,37000.0
case_1,W_Call after offers,2016-07-05 07:29:13+00:00,2016-07-05 07:33:13+00:00,User_5,Car,New credit,5000.0
case_54,W_Call after offers,2016-07-05 16:31:13+00:00,2016-07-05 16:31:13+00:00,User_52,"Other, see explanation",New credit,10000.0
case_39,W_Validate application,2016-07-04 16:24:13+00:00,2016-07-04 16:27:13+00:00,User_29,Remaining debt home,New credit,48000.0
case_55,W_Complete application,2016-07-04 15:38:13+00:00,2016-07-04 15:39:13+00:00,User_3,Car,Limit raise,22000.0
case_55,W_Call after offers,2016-07-04 15:39:13+00:00,2016-07-04 15:40:13+00:00,User_3,Car,Limit raise,22000.0
case_55,W_Validate application,2016-07-04 16:31:13+00:00,2016-07-04 16:35:13+00:00,User_75,Car,Limit raise,22000.0
case_41,W_Validate application,2016-07-06 09:24:13+00:00,2016-07-06 09:24:13+00:00,User_87,Home improvement,New credit,6000.0
case_56,W_Complete application,2016-07-04 15:49:13+00:00,2016-07-04 16:14:13+00:00,User_34,"Other, see explanation",New credit,15800.0
case_57,W_Complete application,2016-07-04 16:00:13+00:00,2016-07-04 16:04:13+00:00,User_71,Existing loan takeover,New credit,25000.0
case_58,W_Complete application,2016-07-04 16:01:13+00:00,2016-07-04 16:03:13+00:00,User_38,Car,New credit,7500.0
case_58,W_Call after offers,2016-07-04 16:06:13+00:00,2016-07-04 16:08:13+00:00,User_3,Car,New credit,7500.0
case_57,W_Call after offers,2016-07-05 11:19:13+00:00,2016-07-05 11:22:13+00:00,User_32,Existing loan takeover,New credit,25000.0
case_58,W_Validate application,2016-07-05 14:48:13+00:00,2016-07-05 14:49:13+00:00,User_116,Car,New credit,7500.0
case_56,W_Call after offers,2016-07-04 16:45:13+00:00,2016-07-04 16:56:13+00:00,User_5,"Other, see explanation",New credit,15800.0
case_17,W_Validate application,2016-07-05 04:52:13+00:00,2016-07-05 04:52:13+00:00,User_68,Existing loan takeover,New credit,5000.0
case_39,W_Call incomplete files,2016-07-05 08:05:13+00:00,2016-07-05 08:14:13+00:00,User_5,Remaining debt home,New credit,48000.0
case_55,W_Call incomplete files,2016-07-06 16:15:13+00:00,2016-07-06 16:16:13+00:00,User_14,Car,Limit raise,22000.0
case_59,W_Complete application,2016-07-04 16:40:13+00:00,2016-07-04 16:42:13+00:00,User_19,Motorcycle,New credit,0.0
case_59,W_Call after offers,2016-07-04 16:42:13+00:00,2016-07-04 16:45:13+00:00,User_19,Motorcycle,New credit,0.0
case_59,W_Validate application,2016-07-08 06:35:13+00:00,2016-07-08 06:36:13+00:00,User_119,Motorcycle,New credit,0.0
case_60,W_Assess potential fraud,2016-07-04 16:45:13+00:00,2016-07-05 05:05:13+00:00,User_144,Existing loan takeover,New credit,10000.0
case_61,W_Complete application,2016-07-04 16:45:13+00:00,2016-07-04 16:47:13+00:00,User_41,Existing loan takeover,Limit raise,0.0
case_61,W_Call after offers,2016-07-05 09:49:13+00:00,2016-07-05 09:49:13+00:00,User_3,Existing loan takeover,Limit raise,0.0
case_62,W_Complete application,2016-07-04 16:51:13+00:00,2016-07-05 07:08:13+00:00,User_60,Home improvement,New credit,20000.0
case_51,W_Validate application,2016-07-12 14:03:13+00:00,2016-07-12 14:04:13+00:00,User_112,Car,New credit,5000.0
case_56,W_Validate application,2016-07-05 06:22:13+00:00,2016-07-05 06:22:13+00:00,User_116,"Other, see explanation",New credit,15800.0
case_7,W_Call incomplete files,2016-07-05 09:35:13+00:00,2016-07-05 09:42:13+00:00,User_18,Car,New credit,6500.0
case_20,W_Validate application,2016-07-07 06:21:13+00:00,2016-07-07 06:21:13+00:00,User_113,Unknown,Limit raise,0.0
case_31,W_Validate application,2016-07-07 09:05:13+00:00,2016-07-07 09:05:13+00:00,User_116,Car,New credit,6000.0
case_42,W_Validate application,2016-07-05 09:13:13+00:00,2016-07-05 09:14:13+00:00,User_30,"Other, see explanation",New credit,18000.0
case_4,W_Validate application,2016-07-06 16:11:13+00:00,2016-07-06 16:11:13+00:00,User_116,Home improvement,New credit,0.0
case_28,W_Call incomplete files,2016-07-05 08:03:13+00:00,2016-07-05 08:08:13+00:00,User_11,Home improvement,New credit,25000.0
case_25,W_Call incomplete files,2016-07-05 09:31:13+00:00,2016-07-05 09:33:13+00:00,User_70,Car,New credit,5000.0
case_48,W_Complete application,2016-07-05 08:28:13+00:00,2016-07-05 08:28:13+00:00,User_32,Car,New credit,10000.0
case_46,W_Validate application,2016-07-05 12:04:13+00:00,2016-07-05 12:04:13+00:00,User_68,Car,New credit,8000.0
case_62,W_Call after offers,2016-07-05 09:07:13+00:00,2016-07-05 09:10:13+00:00,User_46,Home improvement,New credit,20000.0
case_12,W_Validate application,2016-07-07 12:43:13+00:00,2016-07-07 12:51:13+00:00,User_117,Existing loan takeover,New credit,15000.0
case_1,W_Validate application,2016-07-06 16:48:13+00:00,2016-07-06 16:49:13+00:00,User_118,Car,New credit,5000.0
case_53,W_Validate application,2016-07-05 10:04:13+00:00,2016-07-05 10:07:13+00:00,User_114,Car,New credit,5000.0
case_48,W_Call after offers,2016-07-05 11:55:13+00:00,2016-07-05 11:57:13+00:00,User_49,Car,New credit,10000.0
case_13,W_Validate application,2016-07-05 14:09:13+00:00,2016-07-05 14:10:13+00:00,User_75,"Other, see explanation",New credit,10000.0
case_62,W_Validate application,2016-07-06 13:00:13+00:00,2016-07-06 13:00:13+00:00,User_118,Home improvement,New credit,20000.0
case_42,W_Call incomplete files,2016-07-05 10:25:13+00:00,2016-07-05 10:25:13+00:00,User_28,"Other, see explanation",New credit,18000.0
case_61,W_Validate application,2016-07-06 07:05:13+00:00,2016-07-06 07:08:13+00:00,User_87,Existing loan takeover,Limit raise,0.0
case_10,W_Validate application,2016-07-06 08:10:13+00:00,2016-07-06 08:11:13+00:00,User_87,Home improvement,New credit,6000.0
case_38,W_Validate application,2016-07-05 15:10:13+00:00,2016-07-05 15:11:13+00:00,User_30,Remaining debt home,New credit,33000.0
case_53,W_Call incomplete files,2016-07-05 19:15:13+00:00,2016-07-05 19:43:13+00:00,User_49,Car,New credit,5000.0
case_33,W_Validate application,2016-07-07 06:10:13+00:00,2016-07-07 06:12:13+00:00,User_100,Home improvement,New credit,10000.0
case_23,W_Validate application,2016-07-06 12:15:13+00:00,2016-07-06 12:16:13+00:00,User_113,Car,New credit,14000.0
case_57,W_Validate application,2016-07-06 12:42:13+00:00,2016-07-06 12:42:13+00:00,User_117,Existing loan takeover,New credit,25000.0
case_48,W_Validate application,2016-07-06 15:25:13+00:00,2016-07-06 15:28:13+00:00,User_100,Car,New credit,10000.0
case_45,W_Validate application,2016-07-05 14:38:13+00:00,2016-07-05 14:38:13+00:00,User_99,Home improvement,New credit,5000.0
case_15,W_Call incomplete files,2016-07-05 15:52:13+00:00,2016-07-05 15:52:13+00:00,User_99,"Other, see explanation",Limit raise,10000.0
case_58,W_Call incomplete files,2016-07-07 16:18:13+00:00,2016-07-07 16:18:13+00:00,User_2,Car,New credit,7500.0
case_38,W_Call incomplete files,2016-07-06 09:43:13+00:00,2016-07-06 09:43:13+00:00,User_23,Remaining debt home,New credit,33000.0
case_54,W_Validate application,2016-07-06 10:05:13+00:00,2016-07-06 10:11:13+00:00,User_113,"Other, see explanation",New credit,10000.0
case_35,W_Validate application,2016-07-08 12:34:13+00:00,2016-07-08 12:38:13+00:00,User_114,"Other, see explanation",Limit raise,35000.0
case_49,W_Validate application,2016-07-06 09:43:13+00:00,2016-07-06 09:43:13+00:00,User_87,"Other, see explanation",New credit,5000.0
case_52,W_Validate application,2016-07-08 10:29:13+00:00,2016-07-08 10:29:13+00:00,User_2,Car,New credit,16000.0
case_30,W_Validate application,2016-07-06 10:36:13+00:00,2016-07-06 10:37:13+00:00,User_116,Home improvement,Limit raise,42500.0
case_44,W_Validate application,2016-07-06 08:36:13+00:00,2016-07-06 08:36:13+00:00,User_99,Car,New credit,10000.0
case_10,W_Call incomplete files,2016-07-06 12:39:13+00:00,2016-07-06 12:39:13+00:00,User_23,Home improvement,New credit,6000.0
case_44,W_Call incomplete files,2016-07-07 09:07:13+00:00,2016-07-07 09:09:13+00:00,User_14,Car,New credit,10000.0
case_37,W_Validate application,2016-07-12 09:57:13+00:00,2016-07-12 10:00:13+00:00,User_118,Existing loan takeover,New credit,25000.0
case_29,W_Validate application,2016-07-06 15:57:13+00:00,2016-07-06 15:59:13+00:00,User_114,Home improvement,New credit,0.0
case_14,W_Validate application,2016-07-06 12:44:13+00:00,2016-07-06 12:45:13+00:00,User_75,Home improvement,New credit,6000.0
case_23,W_Call incomplete files,2016-07-07 09:50:13+00:00,2016-07-07 09:56:13+00:00,User_23,Car,New credit,14000.0
case_57,W_Call incomplete files,2016-07-06 14:13:13+00:00,2016-07-06 14:13:13+00:00,User_2,Existing loan takeover,New credit,25000.0
case_14,W_Call incomplete files,2016-07-06 15:22:13+00:00,2016-07-06 15:24:13+00:00,User_29,Home improvement,New credit,6000.0
case_62,W_Call incomplete files,2016-07-06 19:10:13+00:00,2016-07-06 19:14:13+00:00,User_75,Home improvement,New credit,20000.0
case_8,W_Validate application,2016-07-08 10:19:13+00:00,2016-07-08 10:19:13+00:00,User_87,Unknown,New credit,0.0
case_50,W_Validate application,2016-07-08 08:35:13+00:00,2016-07-08 08:40:13+00:00,User_109,Home improvement,New credit,15000.0
case_19,W_Validate application,2016-07-07 09:27:13+00:00,2016-07-07 09:32:13+00:00,User_75,Home improvement,Limit raise,15000.0
case_43,W_Call after offers,2016-07-07 12:58:13+00:00,2016-07-07 13:00:13+00:00,User_108,Home improvement,New credit,15000.0
case_12,W_Call incomplete files,2016-07-07 14:31:13+00:00,2016-07-07 14:31:13+00:00,User_31,Existing loan takeover,New credit,15000.0
case_43,W_Validate application,2016-07-08 08:47:13+00:00,2016-07-08 08:53:13+00:00,User_87,Home improvement,New credit,15000.0
case_9,W_Validate application,2016-07-20 06:20:13+00:00,2016-07-20 06:20:13+00:00,User_117,Car,New credit,6000.0
case_22,W_Validate application,2016-07-11 15:28:13+00:00,2016-07-11 15:28:13+00:00,User_117,Car,New credit,5000.0
case_5,W_Validate application,2016-07-11 06:50:13+00:00,2016-07-11 06:52:13+00:00,User_113,Existing loan takeover,Limit raise,8000.0
case_40,W_Validate application,2016-07-11 11:46:13+00:00,2016-07-11 11:46:13+00:00,User_68,Not speficied,New credit,37000.0
case_50,W_Call incomplete files,2016-07-08 11:36:13+00:00,2016-07-08 11:36:13+00:00,User_61,Home improvement,New credit,15000.0
case_8,W_Call incomplete files,2016-07-08 13:32:13+00:00,2016-07-08 13:34:13+00:00,User_75,Unknown,New credit,0.0
case_18,W_Validate application,2016-07-11 19:33:13+00:00,2016-07-11 19:35:13+00:00,User_5,Home improvement,Limit raise,0.0
case_16,W_Call after offers,2016-07-09 14:27:13+00:00,2016-07-09 14:30:13+00:00,User_35,Home improvement,New credit,45000.0
case_36,W_Validate application,2016-07-11 06:43:13+00:00,2016-07-11 06:44:13+00:00,User_119,Boat,New credit,7000.0
case_11,W_Validate application,2016-07-11 06:35:13+00:00,2016-07-11 06:36:13+00:00,User_118,Car,Limit raise,14000.0
case_16,W_Validate application,2016-07-12 15:54:13+00:00,2016-07-12 15:57:13+00:00,User_114,Home improvement,New credit,45000.0
case_18,W_Call incomplete files,2016-07-15 13:37:13+00:00,2016-07-15 13:40:13+00:00,User_24,Home improvement,Limit raise,0.0
case_32,W_Validate application,2016-07-12 10:30:13+00:00,2016-07-12 10:30:13+00:00,User_74,Car,New credit,26315.0
case_32,W_Call incomplete files,2016-07-12 11:50:13+00:00,2016-07-12 11:50:13+00:00,User_14,Car,New credit,26315.0
case_51,W_Call incomplete files,2016-07-12 18:32:13+00:00,2016-07-12 18:34:13+00:00,User_41,Car,New credit,5000.0
