case:concept:name,concept:name,start:timestamp,time:timestamp,org:resource,LoanGoal,ApplicationType,RequestedAmount
case_1,W_Complete application,2016-07-04 08:07:13+00:00,2016-07-04 08:31:13+00:00,User_16,Car,New credit,6000.0
case_2,W_Complete application,2016-07-04 08:07:13+00:00,2016-07-04 08:08:13+00:00,User_39,Home improvement,New credit,15000.0
case_2,W_Call after offers,2016-07-06 18:20:13+00:00,2016-07-06 18:21:13+00:00,User_50,Home improvement,New credit,15000.0
case_3,W_Complete application,2016-07-04 08:17:13+00:00,2016-07-04 08:20:13+00:00,User_19,Home improvement,New credit,0.0
case_3,W_Call after offers,2016-07-06 07:06:13+00:00,2016-07-06 07:12:13+00:00,User_20,Home improvement,New credit,0.0
case_4,W_Complete application,2016-07-04 08:26:13+00:00,2016-07-04 08:36:13+00:00,User_10,Existing loan takeover,New credit,20000.0
case_1,W_Call after offers,2016-07-05 07:34:13+00:00,2016-07-05 07:35:13+00:00,User_97,Car,New credit,6000.0
case_4,W_Call after offers,2016-07-06 18:55:13+00:00,2016-07-06 18:55:13+00:00,User_17,Existing loan takeover,New credit,20000.0
case_5,W_Complete application,2016-07-04 08:45:13+00:00,2016-07-04 08:45:13+00:00,User_19,Caravan / Camper,New credit,15000.0
case_5,W_Call after offers,2016-07-05 12:08:13+00:00,2016-07-05 12:11:13+00:00,User_71,Caravan / Camper,New credit,15000.0
case_6,W_Complete application,2016-07-04 08:48:13+00:00,2016-07-04 08:52:13+00:00,User_2,Existing loan takeover,New credit,0.0
case_7,W_Complete application,2016-07-04 08:51:13+00:00,2016-07-04 09:08:13+00:00,User_14,"Other, see explanation",New credit,17000.0
case_6,W_Call after offers,2016-07-05 15:21:13+00:00,2016-07-05 15:22:13+00:00,User_36,Existing loan takeover,New credit,0.0
case_8,W_Complete application,2016-07-04 08:52:13+00:00,2016-07-04 08:54:13+00:00,User_21,Car,New credit,25000.0
case_8,W_Call after offers,2016-07-04 14:46:13+00:00,2016-07-04 14:50:13+00:00,User_32,Car,New credit,25000.0
case_7,W_Call after offers,2016-07-07 13:53:13+00:00,2016-07-07 13:54:13+00:00,User_38,"Other, see explanation",New credit,17000.0
case_9,W_Complete application,2016-07-04 10:19:13+00:00,2016-07-04 10:24:13+00:00,User_41,Tax payments,New credit,20000.0
case_9,W_Call after offers,2016-07-06 19:17:13+00:00,2016-07-06 19:21:13+00:00,User_43,Tax payments,New credit,20000.0
case_10,W_Complete application,2016-07-04 10:26:13+00:00,2016-07-04 10:28:13+00:00,User_13,Car,New credit,19000.0
case_10,W_Call after offers,2016-07-04 13:47:13+00:00,2016-07-04 13:50:13+00:00,User_3,Car,New credit,19000.0
case_11,W_Complete application,2016-07-04 10:28:13+00:00,2016-07-04 10:35:13+00:00,User_42,Car,New credit,5000.0
case_11,W_Call after offers,2016-07-04 13:55:13+00:00,2016-07-04 13:58:13+00:00,User_28,Car,New credit,5000.0
case_12,W_Complete application,2016-07-04 10:38:13+00:00,2016-07-04 10:38:13+00:00,User_10,Existing loan takeover,New credit,20000.0
case_12,W_Call after offers,2016-07-04 12:31:13+00:00,2016-07-04 12:33:13+00:00,User_4,Existing loan takeover,New credit,20000.0
case_13,W_Complete application,2016-07-04 10:39:13+00:00,2016-07-04 10:43:13+00:00,User_46,Car,New credit,6588.0
case_14,W_Complete application,2016-07-04 10:40:13+00:00,2016-07-04 15:05:13+00:00,User_97,Unknown,New credit,0.0
case_13,W_Call after offers,2016-07-04 16:13:13+00:00,2016-07-04 16:15:13+00:00,User_10,Car,New credit,6588.0
case_15,W_Complete application,2016-07-04 11:09:13+00:00,2016-07-04 11:11:13+00:00,User_15,Existing loan takeover,New credit,50000.0
case_16,W_Complete application,2016-07-04 11:10:13+00:00,2016-07-04 11:17:13+00:00,User_38,Car,New credit,30000.0
case_15,W_Call after offers,2016-07-05 18:39:13+00:00,2016-07-05 18:40:13+00:00,User_13,Existing loan takeover,New credit,50000.0
case_17,W_Complete application,2016-07-04 11:11:13+00:00,2016-07-04 11:14:13+00:00,User_41,Home improvement,New credit,9000.0
case_17,W_Call after offers,2016-07-11 16:31:13+00:00,2016-07-11 16:32:13+00:00,User_16,Home improvement,New credit,9000.0
case_18,W_Complete application,2016-07-04 11:15:13+00:00,2016-07-04 11:19:13+00:00,User_35,Car,New credit,7500.0
case_19,W_Complete application,2016-07-04 11:16:13+00:00,2016-07-04 11:20:13+00:00,User_35,Car,New credit,5000.0
case_16,W_Call after offers,2016-07-06 13:32:13+00:00,2016-07-06 13:43:13+00:00,User_17,Car,New credit,30000.0
case_18,W_Call after offers,2016-07-04 16:51:13+00:00,2016-07-04 16:56:13+00:00,User_44,Car,New credit,7500.0
case_19,W_Call after offers,2016-07-04 14:48:13+00:00,2016-07-04 14:51:13+00:00,User_28,Car,New credit,5000.0
case_20,W_Complete application,2016-07-04 11:31:13+00:00,2016-07-04 11:33:13+00:00,User_14,Home improvement,New credit,25000.0
case_20,W_Call after offers,2016-07-06 08:22:13+00:00,2016-07-06 08:33:13+00:00,User_16,Home improvement,New credit,25000.0
case_21,W_Complete application,2016-07-04 11:38:13+00:00,2016-07-04 11:38:13+00:00,User_61,Car,New credit,5000.0
case_21,W_Call after offers,2016-07-04 14:40:13+00:00,2016-07-04 14:40:13+00:00,User_18,Car,New credit,5000.0
case_22,W_Complete application,2016-07-04 11:46:13+00:00,2016-07-04 11:49:13+00:00,User_48,Car,New credit,45000.0
case_22,W_Call after offers,2016-07-04 15:32:13+00:00,2016-07-04 15:33:13+00:00,User_71,Car,New credit,45000.0
case_23,W_Complete application,2016-07-04 11:49:13+00:00,2016-07-04 11:54:13+00:00,User_61,Existing loan takeover,New credit,5000.0
case_24,W_Complete application,2016-07-04 11:50:13+00:00,2016-07-04 11:56:13+00:00,User_34,Car,New credit,5000.0
case_23,W_Call after offers,2016-07-04 13:24:13+00:00,2016-07-04 13:29:13+00:00,User_51,Existing loan takeover,New credit,5000.0
case_24,W_Call after offers,2016-07-06 17:03:13+00:00,2016-07-06 17:05:13+00:00,User_16,Car,New credit,5000.0
case_25,W_Complete application,2016-07-04 11:56:13+00:00,2016-07-04 11:59:13+00:00,User_3,Existing loan takeover,New credit,10000.0
case_26,W_Complete application,2016-07-04 11:58:13+00:00,2016-07-04 12:07:13+00:00,User_13,Car,New credit,17000.0
case_25,W_Call after offers,2016-07-07 14:44:13+00:00,2016-07-07 14:49:13+00:00,User_43,Existing loan takeover,New credit,10000.0
case_26,W_Call after offers,2016-07-05 17:46:13+00:00,2016-07-05 18:05:13+00:00,User_28,Car,New credit,17000.0
case_12,W_Validate application,2016-07-07 08:00:13+00:00,2016-07-07 08:05:13+00:00,User_117,Existing loan takeover,New credit,20000.0
case_27,W_Handle leads,2016-07-04 12:36:13+00:00,2016-07-04 12:37:13+00:00,User_2,Car,New credit,5000.0
case_27,W_Complete application,2016-07-04 12:50:13+00:00,2016-07-04 12:50:13+00:00,User_10,Car,New credit,5000.0
case_28,W_Handle leads,2016-07-04 12:37:13+00:00,2016-07-04 12:38:13+00:00,User_15,Home improvement,New credit,5000.0
case_28,W_Complete application,2016-07-05 11:56:13+00:00,2016-07-05 11:56:13+00:00,User_49,Home improvement,New credit,5000.0
case_29,W_Complete application,2016-07-04 12:38:13+00:00,2016-07-04 12:40:13+00:00,User_24,Existing loan takeover,New credit,13500.0
case_30,W_Complete application,2016-07-04 12:39:13+00:00,2016-07-04 12:48:13+00:00,User_10,Home improvement,New credit,40000.0
case_31,W_Complete application,2016-07-04 12:39:13+00:00,2016-07-04 12:39:13+00:00,User_37,Car,New credit,15000.0
case_31,W_Call after offers,2016-07-04 13:56:13+00:00,2016-07-04 13:57:13+00:00,User_42,Car,New credit,15000.0
case_29,W_Call after offers,2016-07-04 16:43:13+00:00,2016-07-04 16:44:13+00:00,User_3,Existing loan takeover,New credit,13500.0
case_32,W_Handle leads,2016-07-04 12:41:13+00:00,2016-07-04 12:42:13+00:00,User_23,"Other, see explanation",New credit,7000.0
case_32,W_Complete application,2016-07-07 09:11:13+00:00,2016-07-07 09:11:13+00:00,User_2,"Other, see explanation",New credit,7000.0
case_30,W_Call after offers,2016-07-05 20:58:13+00:00,2016-07-06 07:24:13+00:00,User_3,Home improvement,New credit,40000.0
case_27,W_Call after offers,2016-07-05 10:34:13+00:00,2016-07-05 10:54:13+00:00,User_16,Car,New credit,5000.0
case_33,W_Complete application,2016-07-04 13:14:13+00:00,2016-07-04 15:04:13+00:00,User_97,"Other, see explanation",New credit,5000.0
case_23,W_Validate application,2016-07-05 07:36:13+00:00,2016-07-05 07:36:13+00:00,User_114,Existing loan takeover,New credit,5000.0
case_34,W_Complete application,2016-07-04 13:30:13+00:00,2016-07-04 13:52:13+00:00,User_10,Home improvement,New credit,5000.0
case_35,W_Complete application,2016-07-04 13:31:13+00:00,2016-07-04 13:31:13+00:00,User_73,Motorcycle,Limit raise,18000.0
case_35,W_Call after offers,2016-07-09 10:47:13+00:00,2016-07-09 10:58:13+00:00,User_26,Motorcycle,Limit raise,18000.0
case_36,W_Complete application,2016-07-04 13:33:13+00:00,2016-07-04 14:02:13+00:00,User_43,Caravan / Camper,New credit,20000.0
case_37,W_Complete application,2016-07-04 13:49:13+00:00,2016-07-04 14:17:13+00:00,User_24,Car,New credit,20000.0
case_10,W_Validate application,2016-07-04 14:34:13+00:00,2016-07-04 14:34:13+00:00,User_75,Car,New credit,19000.0
case_34,W_Call after offers,2016-07-14 08:23:13+00:00,2016-07-14 08:32:13+00:00,User_2,Home improvement,New credit,5000.0
case_38,W_Complete application,2016-07-04 13:52:13+00:00,2016-07-04 13:53:13+00:00,User_2,Home improvement,Limit raise,50000.0
case_38,W_Call after offers,2016-07-05 11:56:13+00:00,2016-07-05 11:57:13+00:00,User_73,Home improvement,Limit raise,50000.0
case_31,W_Validate application,2016-07-06 07:24:13+00:00,2016-07-06 07:26:13+00:00,User_119,Car,New credit,15000.0
case_11,W_Validate application,2016-07-04 15:20:13+00:00,2016-07-04 15:21:13+00:00,User_99,Car,New credit,5000.0
case_36,W_Call after offers,2016-07-04 14:42:13+00:00,2016-07-04 14:43:13+00:00,User_15,Caravan / Camper,New credit,20000.0
case_39,W_Complete application,2016-07-04 14:05:13+00:00,2016-07-04 14:07:13+00:00,User_23,Car,New credit,11000.0
case_39,W_Call after offers,2016-07-05 14:46:13+00:00,2016-07-05 14:46:13+00:00,User_31,Car,New credit,11000.0
case_40,W_Complete application,2016-07-04 14:14:13+00:00,2016-07-04 14:15:13+00:00,User_38,Existing loan takeover,New credit,30000.0
case_40,W_Call after offers,2016-07-04 15:41:13+00:00,2016-07-04 15:42:13+00:00,User_5,Existing loan takeover,New credit,30000.0
case_37,W_Call after offers,2016-07-04 18:22:13+00:00,2016-07-04 18:24:13+00:00,User_49,Car,New credit,20000.0
case_10,W_Call incomplete files,2016-07-04 16:26:13+00:00,2016-07-04 16:26:13+00:00,User_86,Car,New credit,19000.0
case_21,W_Validate application,2016-07-04 15:49:13+00:00,2016-07-04 15:59:13+00:00,User_99,Car,New credit,5000.0
case_36,W_Validate application,2016-07-04 17:51:13+00:00,2016-07-04 17:51:13+00:00,User_116,Caravan / Camper,New credit,20000.0
case_41,W_Complete application,2016-07-04 14:43:13+00:00,2016-07-04 14:47:13+00:00,User_7,"Other, see explanation",New credit,30000.0
case_42,W_Complete application,2016-07-04 14:43:13+00:00,2016-07-04 15:26:13+00:00,User_17,Car,New credit,12500.0
case_41,W_Call after offers,2016-07-04 19:38:13+00:00,2016-07-04 19:43:13+00:00,User_41,"Other, see explanation",New credit,30000.0
case_43,W_Complete application,2016-07-04 14:47:13+00:00,2016-07-04 14:59:13+00:00,User_10,Car,New credit,7500.0
case_8,W_Validate application,2016-07-05 07:50:13+00:00,2016-07-05 07:52:13+00:00,User_100,Car,New credit,25000.0
case_19,W_Validate application,2016-07-06 05:17:13+00:00,2016-07-06 05:18:13+00:00,User_113,Car,New credit,5000.0
case_44,W_Complete application,2016-07-04 14:51:13+00:00,2016-07-04 15:05:13+00:00,User_40,Extra spending limit,New credit,15000.0
case_43,W_Call after offers,2016-07-07 08:25:13+00:00,2016-07-07 08:26:13+00:00,User_16,Car,New credit,7500.0
case_33,W_Call after offers,2016-07-04 19:02:13+00:00,2016-07-04 19:02:13+00:00,User_37,"Other, see explanation",New credit,5000.0
case_45,W_Complete application,2016-07-04 15:04:13+00:00,2016-07-04 15:12:13+00:00,User_37,Home improvement,Limit raise,40000.0
case_14,W_Call after offers,2016-07-04 17:26:13+00:00,2016-07-04 17:30:13+00:00,User_13,Unknown,New credit,0.0
case_44,W_Call after offers,2016-07-04 16:24:13+00:00,2016-07-04 16:24:13+00:00,User_10,Extra spending limit,New credit,15000.0
case_45,W_Call after offers,2016-07-06 09:25:13+00:00,2016-07-06 09:25:13+00:00,User_24,Home improvement,Limit raise,40000.0
case_46,W_Complete application,2016-07-04 15:13:13+00:00,2016-07-04 15:19:13+00:00,User_5,Car,New credit,10000.0
case_47,W_Complete application,2016-07-04 15:13:13+00:00,2016-07-04 15:26:13+00:00,User_49,Car,New credit,15000.0
case_48,W_Complete application,2016-07-04 15:14:13+00:00,2016-07-04 15:24:13+00:00,User_18,Caravan / Camper,New credit,25750.0
case_46,W_Call after offers,2016-07-04 15:43:13+00:00,2016-07-04 15:44:13+00:00,User_51,Car,New credit,10000.0
case_48,W_Call after offers,2016-07-04 18:12:13+00:00,2016-07-04 18:12:13+00:00,User_5,Caravan / Camper,New credit,25750.0
case_42,W_Call after offers,2016-07-05 06:02:13+00:00,2016-07-05 06:05:13+00:00,User_3,Car,New credit,12500.0
case_47,W_Call after offers,2016-07-04 15:27:13+00:00,2016-07-04 15:32:13+00:00,User_19,Car,New credit,15000.0
case_47,W_Validate application,2016-07-05 04:32:13+00:00,2016-07-05 04:32:13+00:00,User_87,Car,New credit,15000.0
case_22,W_Validate application,2016-07-06 12:47:13+00:00,2016-07-06 12:54:13+00:00,User_87,Car,New credit,45000.0
case_40,W_Validate application,2016-07-05 07:58:13+00:00,2016-07-05 08:01:13+00:00,User_100,Existing loan takeover,New credit,30000.0
case_46,W_Validate application,2016-07-04 15:55:13+00:00,2016-07-04 15:57:13+00:00,User_102,Car,New credit,10000.0
case_49,W_Complete application,2016-07-04 15:51:13+00:00,2016-07-04 15:54:13+00:00,User_10,Car,New credit,5000.0
case_50,W_Complete application,2016-07-04 15:51:13+00:00,2016-07-04 17:03:13+00:00,User_52,Home improvement,New credit,11500.0
case_49,W_Call after offers,2016-07-04 15:55:13+00:00,2016-07-04 16:13:13+00:00,User_19,Car,New credit,5000.0
case_51,W_Complete application,2016-07-04 15:54:13+00:00,2016-07-04 16:03:13+00:00,User_17,Unknown,New credit,0.0
case_52,W_Complete application,2016-07-04 15:56:13+00:00,2016-07-04 16:04:13+00:00,User_41,Existing loan takeover,New credit,25000.0
case_53,W_Complete application,2016-07-04 15:56:13+00:00,2016-07-04 15:59:13+00:00,User_49,Home improvement,Limit raise,15000.0
case_21,W_Call incomplete files,2016-07-06 07:16:13+00:00,2016-07-06 07:16:13+00:00,User_18,Car,New credit,5000.0
case_53,W_Call after offers,2016-07-04 16:40:13+00:00,2016-07-04 16:41:13+00:00,User_10,Home improvement,Limit raise,15000.0
case_51,W_Call after offers,2016-07-04 17:45:13+00:00,2016-07-04 17:49:13+00:00,User_52,Unknown,New credit,0.0
case_52,W_Call after offers,2016-07-08 15:22:13+00:00,2016-07-08 15:48:13+00:00,User_31,Existing loan takeover,New credit,25000.0
case_54,W_Complete application,2016-07-04 16:07:13+00:00,2016-07-04 16:10:13+00:00,User_3,Home improvement,Limit raise,0.0
case_55,W_Complete application,2016-07-04 16:07:13+00:00,2016-07-04 16:08:13+00:00,User_12,Car,Limit raise,19000.0
case_55,W_Call after offers,2016-07-06 15:55:13+00:00,2016-07-06 16:02:13+00:00,User_31,Car,Limit raise,19000.0
case_54,W_Call after offers,2016-07-06 10:32:13+00:00,2016-07-06 10:35:13+00:00,User_46,Home improvement,Limit raise,0.0
case_49,W_Validate application,2016-07-08 07:29:13+00:00,2016-07-08 07:30:13+00:00,User_117,Car,New credit,5000.0
case_13,W_Validate application,2016-07-05 13:03:13+00:00,2016-07-05 13:07:13+00:00,User_68,Car,New credit,6588.0
case_44,W_Validate application,2016-07-05 07:55:13+00:00,2016-07-05 07:57:13+00:00,User_117,Extra spending limit,New credit,15000.0
case_53,W_Validate application,2016-07-06 10:36:13+00:00,2016-07-06 10:40:13+00:00,User_34,Home improvement,Limit raise,15000.0
case_29,W_Validate application,2016-07-06 11:08:13+00:00,2016-07-06 11:10:13+00:00,User_113,Existing loan takeover,New credit,13500.0
case_56,W_Complete application,2016-07-04 16:54:13+00:00,2016-07-04 16:57:13+00:00,User_42,Home improvement,New credit,15000.0
case_57,W_Complete application,2016-07-04 16:55:13+00:00,2016-07-04 16:55:13+00:00,User_14,Car,New credit,5000.0
case_57,W_Call after offers,2016-07-04 17:48:13+00:00,2016-07-04 17:49:13+00:00,User_61,Car,New credit,5000.0
case_58,W_Complete application,2016-07-04 16:55:13+00:00,2016-07-04 16:56:13+00:00,User_109,Unknown,Limit raise,0.0
case_18,W_Validate application,2016-07-05 05:53:13+00:00,2016-07-05 05:53:13+00:00,User_87,Car,New credit,7500.0
case_58,W_Call after offers,2016-07-05 17:04:13+00:00,2016-07-05 17:08:13+00:00,User_3,Unknown,Limit raise,0.0
case_56,W_Call after offers,2016-07-08 07:18:13+00:00,2016-07-08 07:20:13+00:00,User_71,Home improvement,New credit,15000.0
case_59,W_Complete application,2016-07-04 16:59:13+00:00,2016-07-05 08:04:13+00:00,User_9,Car,New credit,26000.0
case_60,W_Complete application,2016-07-04 16:59:13+00:00,2016-07-04 17:00:13+00:00,User_22,Existing loan takeover,Limit raise,0.0
case_60,W_Call after offers,2016-07-04 17:40:13+00:00,2016-07-04 17:41:13+00:00,User_15,Existing loan takeover,Limit raise,0.0
case_61,W_Complete application,2016-07-04 17:01:13+00:00,2016-07-04 17:01:13+00:00,User_7,Unknown,New credit,0.0
case_61,W_Call after offers,2016-07-04 18:43:13+00:00,2016-07-04 18:55:13+00:00,User_10,Unknown,New credit,0.0
case_50,W_Call after offers,2016-07-06 16:43:13+00:00,2016-07-06 16:45:13+00:00,User_16,Home improvement,New credit,11500.0
case_62,W_Complete application,2016-07-04 17:05:13+00:00,2016-07-05 07:04:13+00:00,User_24,Existing loan takeover,New credit,17000.0
case_14,W_Validate application,2016-07-07 14:10:13+00:00,2016-07-07 14:11:13+00:00,User_120,Unknown,New credit,0.0
case_60,W_Validate application,2016-07-05 14:12:13+00:00,2016-07-05 14:12:13+00:00,User_116,Existing loan takeover,Limit raise,0.0
case_51,W_Validate application,2016-07-13 11:49:13+00:00,2016-07-13 11:52:13+00:00,User_2,Unknown,New credit,0.0
case_57,W_Validate application,2016-07-05 13:56:13+00:00,2016-07-05 14:00:13+00:00,User_87,Car,New credit,5000.0
case_48,W_Validate application,2016-07-05 09:20:13+00:00,2016-07-05 09:21:13+00:00,User_119,Caravan / Camper,New credit,25750.0
case_37,W_Validate application,2016-07-04 20:04:13+00:00,2016-07-04 20:04:13+00:00,User_75,Car,New credit,20000.0
case_61,W_Validate application,2016-07-07 08:32:13+00:00,2016-07-07 08:33:13+00:00,User_100,Unknown,New credit,0.0
case_33,W_Validate application,2016-07-05 07:05:13+00:00,2016-07-05 07:08:13+00:00,User_115,"Other, see explanation",New credit,5000.0
case_41,W_Validate application,2016-07-05 15:18:13+00:00,2016-07-05 15:19:13+00:00,User_116,"Other, see explanation",New credit,30000.0
case_42,W_Validate application,2016-07-14 10:52:13+00:00,2016-07-14 10:55:13+00:00,User_117,Car,New credit,12500.0
case_62,W_Call after offers,2016-07-06 10:09:13+00:00,2016-07-06 10:10:13+00:00,User_28,Existing loan takeover,New credit,17000.0
case_33,W_Call incomplete files,2016-07-05 13:35:13+00:00,2016-07-05 13:36:13+00:00,User_2,"Other, see explanation",New credit,5000.0
case_1,W_Validate application,2016-07-05 09:04:13+00:00,2016-07-05 09:04:13+00:00,User_75,Car,New credit,6000.0
case_23,W_Call incomplete files,2016-07-06 07:45:13+00:00,2016-07-06 07:45:13+00:00,User_29,Existing loan takeover,New credit,5000.0
case_8,W_Call incomplete files,2016-07-06 12:35:13+00:00,2016-07-06 12:35:13+00:00,User_29,Car,New credit,25000.0
case_40,W_Call incomplete files,2016-07-05 08:32:13+00:00,2016-07-05 08:35:13+00:00,User_61,Existing loan takeover,New credit,30000.0
case_59,W_Call after offers,2016-07-05 10:59:13+00:00,2016-07-05 10:59:13+00:00,User_16,Car,New credit,26000.0
case_48,W_Call incomplete files,2016-07-06 17:16:13+00:00,2016-07-06 17:16:13+00:00,User_86,Caravan / Camper,New credit,25750.0
case_27,W_Validate application,2016-07-05 12:04:13+00:00,2016-07-05 12:06:13+00:00,User_95,Car,New credit,5000.0
case_59,W_Validate application,2016-07-05 12:59:13+00:00,2016-07-05 13:02:13+00:00,User_102,Car,New credit,26000.0
case_28,W_Call after offers,2016-07-05 11:59:13+00:00,2016-07-05 12:36:13+00:00,User_41,Home improvement,New credit,5000.0
case_38,W_Validate application,2016-07-06 06:09:13+00:00,2016-07-06 06:10:13+00:00,User_90,Home improvement,Limit raise,50000.0
case_27,W_Call incomplete files,2016-07-05 12:46:13+00:00,2016-07-05 12:46:13+00:00,User_15,Car,New credit,5000.0
case_5,W_Validate application,2016-07-06 06:33:13+00:00,2016-07-06 06:33:13+00:00,User_95,Caravan / Camper,New credit,15000.0
case_28,W_Validate application,2016-07-11 08:59:13+00:00,2016-07-11 10:04:13+00:00,User_87,Home improvement,New credit,5000.0
case_13,W_Call incomplete files,2016-07-05 14:00:13+00:00,2016-07-05 14:02:13+00:00,User_33,Car,New credit,6588.0
case_39,W_Validate application,2016-07-07 07:02:13+00:00,2016-07-07 07:03:13+00:00,User_138,Car,New credit,11000.0
case_6,W_Validate application,2016-07-15 06:31:13+00:00,2016-07-15 06:31:13+00:00,User_116,Existing loan takeover,New credit,0.0
case_58,W_Validate application,2016-07-05 17:10:13+00:00,2016-07-05 17:15:13+00:00,User_75,Unknown,Limit raise,0.0
case_26,W_Validate application,2016-07-06 09:36:13+00:00,2016-07-06 09:37:13+00:00,User_87,Car,New credit,17000.0
case_15,W_Validate application,2016-07-06 09:47:13+00:00,2016-07-06 09:50:13+00:00,User_30,Existing loan takeover,New credit,50000.0
case_3,W_Validate application,2016-07-13 10:46:13+00:00,2016-07-13 10:50:13+00:00,User_117,Home improvement,New credit,0.0
case_30,W_Validate application,2016-07-06 09:16:13+00:00,2016-07-06 09:23:13+00:00,User_30,Home improvement,New credit,40000.0
case_31,W_Call incomplete files,2016-07-06 16:29:13+00:00,2016-07-06 16:30:13+00:00,User_3,Car,New credit,15000.0
case_20,W_Validate application,2016-07-06 09:34:13+00:00,2016-07-06 09:35:13+00:00,User_119,Home improvement,New credit,25000.0
case_45,W_Validate application,2016-07-06 12:08:13+00:00,2016-07-06 12:08:13+00:00,User_33,Home improvement,Limit raise,40000.0
case_20,W_Call incomplete files,2016-07-06 16:24:13+00:00,2016-07-06 16:24:13+00:00,User_34,Home improvement,New credit,25000.0
case_62,W_Validate application,2016-07-07 09:09:13+00:00,2016-07-07 09:10:13+00:00,User_68,Existing loan takeover,New credit,17000.0
case_54,W_Validate application,2016-07-06 12:33:13+00:00,2016-07-06 12:37:13+00:00,User_102,Home improvement,Limit raise,0.0
case_16,W_Validate application,2016-07-06 16:27:13+00:00,2016-07-06 16:28:13+00:00,User_118,Car,New credit,30000.0
case_55,W_Validate application,2016-07-07 13:19:13+00:00,2016-07-07 13:19:13+00:00,User_99,Car,Limit raise,19000.0
case_50,W_Validate application,2016-07-08 08:55:13+00:00,2016-07-08 08:57:13+00:00,User_116,Home improvement,New credit,11500.0
case_24,W_Validate application,2016-07-11 07:16:13+00:00,2016-07-11 07:16:13+00:00,User_30,Car,New credit,5000.0
case_2,W_Validate application,2016-07-07 08:56:13+00:00,2016-07-07 08:56:13+00:00,User_30,Home improvement,New credit,15000.0
case_4,W_Validate application,2016-07-07 07:17:13+00:00,2016-07-07 07:18:13+00:00,User_87,Existing loan takeover,New credit,20000.0
case_9,W_Validate application,2016-07-07 09:03:13+00:00,2016-07-07 09:05:13+00:00,User_90,Tax payments,New credit,20000.0
case_12,W_Call incomplete files,2016-07-08 14:07:13+00:00,2016-07-08 14:11:13+00:00,User_90,Existing loan takeover,New credit,20000.0
case_43,W_Validate application,2016-07-07 08:45:13+00:00,2016-07-07 08:48:13+00:00,User_95,Car,New credit,7500.0
case_43,W_Call incomplete files,2016-07-07 18:40:13+00:00,2016-07-07 18:41:13+00:00,User_61,Car,New credit,7500.0
case_9,W_Call incomplete files,2016-07-07 15:27:13+00:00,2016-07-07 15:28:13+00:00,User_101,Tax payments,New credit,20000.0
case_62,W_Call incomplete files,2016-07-07 14:45:13+00:00,2016-07-07 14:46:13+00:00,User_49,Existing loan takeover,New credit,17000.0
case_32,W_Call after offers,2016-07-07 11:53:13+00:00,2016-07-07 11:53:13+00:00,User_16,"Other, see explanation",New credit,7000.0
case_32,W_Validate application,2016-07-11 07:43:13+00:00,2016-07-11 07:46:13+00:00,User_112,"Other, see explanation",New credit,7000.0
case_55,W_Call incomplete files,2016-07-11 07:45:13+00:00,2016-07-11 07:52:13+00:00,User_2,Car,Limit raise,19000.0
case_7,W_Validate application,2016-07-11 13:48:13+00:00,2016-07-11 13:50:13+00:00,User_87,"Other, see explanation",New credit,17000.0
case_14,W_Call incomplete files,2016-07-08 10:36:13+00:00,2016-07-08 10:36:13+00:00,User_41,Unknown,New credit,0.0
case_25,W_Validate application,2016-07-07 17:40:13+00:00,2016-07-07 17:41:13+00:00,User_30,Existing loan takeover,New credit,10000.0
case_25,W_Call incomplete files,2016-07-11 06:44:13+00:00,2016-07-11 06:44:13+00:00,User_68,Existing loan takeover,New credit,10000.0
case_56,W_Validate application,2016-07-08 11:34:13+00:00,2016-07-08 11:36:13+00:00,User_4,Home improvement,New credit,15000.0
case_50,W_Call incomplete files,2016-07-08 09:07:13+00:00,2016-07-08 09:07:13+00:00,User_41,Home improvement,New credit,11500.0
case_56,W_Call incomplete files,2016-07-11 10:37:13+00:00,2016-07-11 10:42:13+00:00,User_101,Home improvement,New credit,15000.0
case_52,W_Validate application,2016-07-12 05:27:13+00:00,2016-07-12 05:27:13+00:00,User_30,Existing loan takeover,New credit,25000.0
case_35,W_Validate application,2016-07-11 06:35:13+00:00,2016-07-11 06:35:13+00:00,User_29,Motorcycle,Limit raise,18000.0
case_24,W_Call incomplete files,2016-07-11 11:33:13+00:00,2016-07-11 11:33:13+00:00,User_33,Car,New credit,5000.0
case_32,W_Call incomplete files,2016-07-11 11:47:13+00:00,2016-07-11 11:57:13+00:00,User_2,"Other, see explanation",New credit,7000.0
case_28,W_Call incomplete files,2016-07-11 10:31:13+00:00,2016-07-11 12:51:13+00:00,User_109,Home improvement,New credit,5000.0
case_17,W_Validate application,2016-07-12 09:15:13+00:00,2016-07-12 09:16:13+00:00,User_30,Home improvement,New credit,9000.0
case_34,W_Validate application,2016-07-16 10:59:13+00:00,2016-07-16 11:01:13+00:00,User_116,Home improvement,New credit,5000.0
case_42,W_Call incomplete files,2016-07-14 15:00:13+00:00,2016-07-14 15:00:13+00:00,User_49,Car,New credit,12500.0
